,sofifa_id,club_15,overall_15,gk_diving_15,gk_positioning_15,gk_reflexes_15,gk_handling_15,gk_kicking_15,club_16,overall_16,gk_diving_16,gk_positioning_16,gk_reflexes_16,gk_handling_16,gk_kicking_16,club_17,overall_17,gk_diving_17,gk_positioning_17,gk_reflexes_17,gk_handling_17,gk_kicking_17,club_18,overall_18,gk_diving_18,gk_positioning_18,gk_reflexes_18,gk_handling_18,gk_kicking_18,club_19,overall_19,gk_diving_19,gk_positioning_19,gk_reflexes_19,gk_handling_19,gk_kicking_19,club_20,overall_20,gk_diving_20,gk_positioning_20,gk_reflexes_20,gk_handling_20,gk_kicking_20
0,167495,FC Bayern München,90.0,87.0,90.0,86.0,85.0,92.0,FC Bayern München,90.0,85.0,90.0,86.0,87.0,91.0,FC Bayern München,92.0,89.0,91.0,89.0,90.0,95.0,FC Bayern München,92.0,91.0,91.0,89.0,90.0,95.0,FC Bayern München,90.0,91.0,88.0,88.0,88.0,91.0,FC Bayern München,88.0,87.0,85.0,87.0,87.0,91.0
1,192119,Chelsea,86.0,84.0,86.0,88.0,87.0,69.0,Chelsea,86.0,84.0,86.0,88.0,87.0,69.0,Chelsea,89.0,84.0,86.0,89.0,91.0,69.0,Chelsea,89.0,85.0,86.0,88.0,91.0,69.0,Real Madrid,90.0,87.0,87.0,88.0,91.0,74.0,Real Madrid,88.0,85.0,85.0,87.0,89.0,72.0
2,167948,Tottenham Hotspur,85.0,86.0,81.0,88.0,81.0,71.0,Tottenham Hotspur,85.0,87.0,81.0,88.0,82.0,68.0,Tottenham Hotspur,88.0,87.0,82.0,90.0,87.0,68.0,Tottenham Hotspur,88.0,88.0,82.0,90.0,86.0,68.0,Tottenham Hotspur,88.0,88.0,83.0,92.0,84.0,68.0,Tottenham Hotspur,88.0,89.0,84.0,91.0,82.0,68.0
3,48940,Chelsea,85.0,83.0,83.0,84.0,84.0,73.0,Arsenal,85.0,83.0,83.0,84.0,84.0,73.0,Arsenal,88.0,83.0,85.0,85.0,90.0,77.0,Arsenal,86.0,82.0,83.0,81.0,87.0,76.0,Arsenal,82.0,78.0,83.0,79.0,82.0,70.0,0,0.0,0.0,0.0,0.0,0.0,0.0
4,168435,Paris Saint-Germain,84.0,85.0,84.0,87.0,79.0,73.0,Paris Saint-Germain,82.0,84.0,80.0,84.0,79.0,75.0,Sevilla FC,82.0,83.0,80.0,83.0,79.0,75.0,Torino,79.0,79.0,77.0,80.0,76.0,73.0,Torino,82.0,84.0,83.0,81.0,76.0,76.0,Torino,84.0,84.0,84.0,82.0,80.0,76.0
5,5479,Real Madrid,84.0,87.0,79.0,88.0,79.0,67.0,0,0.0,0.0,0.0,0.0,0.0,0.0,0,0.0,0.0,0.0,0.0,0.0,0.0,0,0.0,0.0,0.0,0.0,0.0,0.0,0,0.0,0.0,0.0,0.0,0.0,0.0,0,0.0,0.0,0.0,0.0,0.0,0.0
6,193080,Manchester United,83.0,87.0,76.0,88.0,75.0,86.0,Manchester United,86.0,88.0,83.0,89.0,81.0,86.0,Manchester United,90.0,88.0,85.0,90.0,85.0,87.0,Manchester United,90.0,90.0,86.0,90.0,85.0,87.0,Manchester United,91.0,90.0,88.0,94.0,85.0,87.0,Manchester United,89.0,90.0,85.0,92.0,84.0,81.0
7,167628,AS Saint-Étienne,83.0,82.0,82.0,86.0,80.0,77.0,AS Saint-Étienne,83.0,83.0,83.0,86.0,81.0,77.0,AS Saint-Étienne,85.0,82.0,83.0,87.0,83.0,77.0,AS Saint-Étienne,85.0,82.0,85.0,87.0,84.0,77.0,AS Saint-Étienne,84.0,82.0,85.0,82.0,84.0,77.0,AS Saint-Étienne,84.0,82.0,85.0,82.0,84.0,75.0
8,2196,Borussia Dortmund,83.0,82.0,85.0,82.0,84.0,61.0,Borussia Dortmund,79.0,79.0,79.0,77.0,81.0,53.0,Borussia Dortmund,78.0,76.0,81.0,77.0,81.0,53.0,Borussia Dortmund,77.0,72.0,81.0,77.0,80.0,53.0,0,0.0,0.0,0.0,0.0,0.0,0.0,0,0.0,0.0,0.0,0.0,0.0,0.0
9,146748,Milan,83.0,80.0,82.0,80.0,86.0,82.0,Milan,82.0,81.0,87.0,83.0,77.0,77.0,RCD Espanyol,81.0,74.0,83.0,78.0,84.0,70.0,RCD Espanyol,83.0,77.0,83.0,80.0,84.0,76.0,RCD Espanyol,80.0,75.0,81.0,76.0,81.0,74.0,RCD Espanyol,80.0,75.0,82.0,76.0,82.0,74.0
10,162835,Inter,83.0,87.0,81.0,85.0,82.0,65.0,Inter,83.0,87.0,86.0,86.0,79.0,65.0,Inter,87.0,86.0,86.0,86.0,89.0,69.0,Inter,87.0,87.0,87.0,87.0,86.0,69.0,Inter,88.0,87.0,89.0,89.0,86.0,69.0,Inter,88.0,88.0,89.0,89.0,85.0,69.0
11,174543,FC Barcelona,83.0,85.0,78.0,86.0,82.0,85.0,FC Barcelona,83.0,83.0,78.0,86.0,82.0,87.0,Manchester City,85.0,83.0,78.0,85.0,85.0,87.0,Manchester City,82.0,80.0,77.0,81.0,80.0,87.0,Manchester City,79.0,79.0,75.0,79.0,79.0,85.0,Manchester City,77.0,77.0,75.0,77.0,76.0,84.0
12,192448,FC Barcelona,82.0,83.0,78.0,85.0,81.0,82.0,FC Barcelona,82.0,84.0,78.0,85.0,80.0,82.0,FC Barcelona,83.0,84.0,78.0,85.0,81.0,83.0,FC Barcelona,85.0,84.0,81.0,86.0,83.0,87.0,FC Barcelona,89.0,87.0,85.0,90.0,85.0,88.0,FC Barcelona,90.0,88.0,88.0,90.0,85.0,88.0
13,192563,Bayer 04 Leverkusen,82.0,82.0,83.0,83.0,82.0,81.0,Bayer 04 Leverkusen,84.0,84.0,83.0,85.0,84.0,81.0,Bayer 04 Leverkusen,86.0,85.0,86.0,83.0,86.0,80.0,Bayer 04 Leverkusen,85.0,85.0,85.0,83.0,84.0,74.0,Arsenal,84.0,84.0,85.0,82.0,82.0,73.0,Arsenal,84.0,83.0,84.0,85.0,81.0,78.0
14,150724,Manchester City,82.0,85.0,79.0,86.0,76.0,79.0,Manchester City,84.0,85.0,84.0,87.0,79.0,76.0,Torino,84.0,84.0,82.0,87.0,81.0,75.0,West Ham United,82.0,83.0,81.0,83.0,78.0,75.0,0,0.0,0.0,0.0,0.0,0.0,0.0,0,0.0,0.0,0.0,0.0,0.0,0.0
15,173426,Liverpool,82.0,84.0,80.0,84.0,79.0,72.0,Liverpool,78.0,82.0,73.0,84.0,75.0,65.0,Liverpool,78.0,79.0,72.0,84.0,73.0,65.0,Liverpool,81.0,80.0,78.0,84.0,76.0,65.0,Liverpool,79.0,80.0,76.0,83.0,74.0,64.0,0,0.0,0.0,0.0,0.0,0.0,0.0
16,1179,Juventus,82.0,84.0,90.0,75.0,77.0,65.0,Juventus,84.0,85.0,89.0,83.0,79.0,71.0,Juventus,88.0,87.0,90.0,84.0,88.0,68.0,Juventus,89.0,89.0,90.0,84.0,88.0,74.0,Paris Saint-Germain,88.0,88.0,90.0,83.0,87.0,74.0,Juventus,83.0,78.0,91.0,80.0,77.0,74.0
17,16254,Everton,82.0,84.0,82.0,83.0,77.0,76.0,Everton,80.0,82.0,81.0,82.0,76.0,77.0,0,0.0,0.0,0.0,0.0,0.0,0.0,0,0.0,0.0,0.0,0.0,0.0,0.0,0,0.0,0.0,0.0,0.0,0.0,0.0,0,0.0,0.0,0.0,0.0,0.0,0.0
18,163705,Olympique de Marseille,82.0,83.0,80.0,82.0,78.0,79.0,Olympique de Marseille,83.0,85.0,81.0,84.0,78.0,79.0,Crystal Palace,85.0,86.0,81.0,85.0,80.0,79.0,Olympique de Marseille,82.0,86.0,77.0,85.0,78.0,77.0,Olympique de Marseille,83.0,86.0,79.0,84.0,81.0,70.0,Olympique de Marseille,80.0,80.0,79.0,81.0,79.0,74.0
19,24630,FC Bayern München,81.0,81.0,80.0,83.0,78.0,87.0,Napoli,80.0,81.0,80.0,81.0,78.0,83.0,Napoli,84.0,80.0,84.0,83.0,85.0,82.0,Napoli,83.0,80.0,82.0,82.0,83.0,82.0,Milan,83.0,80.0,82.0,82.0,83.0,82.0,Milan,82.0,79.0,82.0,81.0,82.0,82.0
20,116494,FC Girondins de Bordeaux,81.0,78.0,81.0,82.0,79.0,81.0,FC Girondins de Bordeaux,80.0,78.0,79.0,82.0,79.0,81.0,FC Girondins de Bordeaux,81.0,78.0,79.0,82.0,79.0,81.0,0,0.0,0.0,0.0,0.0,0.0,0.0,0,0.0,0.0,0.0,0.0,0.0,0.0,0,0.0,0.0,0.0,0.0,0.0,0.0
21,165580,Valencia CF,81.0,88.0,74.0,88.0,74.0,76.0,Valencia CF,83.0,88.0,77.0,88.0,76.0,76.0,Valencia CF,83.0,88.0,77.0,87.0,76.0,76.0,0,0.0,0.0,0.0,0.0,0.0,0.0,0,0.0,0.0,0.0,0.0,0.0,0.0,0,0.0,0.0,0.0,0.0,0.0,0.0
22,182629,Sevilla FC,81.0,82.0,79.0,84.0,79.0,78.0,Sevilla FC,78.0,82.0,77.0,81.0,75.0,77.0,0,0.0,0.0,0.0,0.0,0.0,0.0,0,0.0,0.0,0.0,0.0,0.0,0.0,0,0.0,0.0,0.0,0.0,0.0,0.0,0,0.0,0.0,0.0,0.0,0.0,0.0
23,177644,RCD Espanyol,80.0,82.0,80.0,79.0,81.0,78.0,Real Madrid,81.0,83.0,82.0,81.0,82.0,80.0,Real Madrid,79.0,73.0,82.0,77.0,83.0,80.0,Real Madrid,80.0,75.0,82.0,77.0,83.0,80.0,Real Madrid,80.0,75.0,82.0,77.0,83.0,80.0,0,0.0,0.0,0.0,0.0,0.0,0.0
24,186153,Arsenal,80.0,83.0,76.0,84.0,79.0,70.0,Roma,79.0,84.0,74.0,85.0,77.0,71.0,Roma,79.0,83.0,73.0,84.0,74.0,71.0,Juventus,82.0,83.0,78.0,87.0,77.0,74.0,Juventus,84.0,85.0,82.0,87.0,81.0,71.0,Juventus,86.0,85.0,86.0,88.0,82.0,73.0
25,115533,VfL Wolfsburg,80.0,84.0,76.0,83.0,75.0,72.0,VfL Wolfsburg,81.0,84.0,80.0,81.0,78.0,64.0,VfL Wolfsburg,79.0,77.0,80.0,75.0,80.0,61.0,AS Monaco,77.0,76.0,79.0,73.0,80.0,61.0,AS Monaco,77.0,76.0,79.0,73.0,80.0,61.0,AS Monaco,74.0,71.0,77.0,71.0,79.0,61.0
26,139968,LOSC Lille,80.0,77.0,79.0,90.0,81.0,80.0,LOSC Lille,81.0,78.0,78.0,90.0,80.0,77.0,LOSC Lille,83.0,78.0,78.0,90.0,80.0,77.0,LOSC Lille,81.0,76.0,77.0,88.0,80.0,74.0,0,0.0,0.0,0.0,0.0,0.0,0.0,0,0.0,0.0,0.0,0.0,0.0,0.0
27,177683,Borussia Mönchengladbach,79.0,83.0,75.0,85.0,74.0,78.0,Borussia Mönchengladbach,82.0,84.0,76.0,86.0,82.0,85.0,Borussia Mönchengladbach,84.0,83.0,80.0,85.0,82.0,85.0,Borussia Mönchengladbach,83.0,81.0,80.0,83.0,82.0,83.0,Borussia Mönchengladbach,82.0,77.0,80.0,81.0,84.0,80.0,Borussia Mönchengladbach,84.0,79.0,80.0,87.0,85.0,81.0
28,178750,Villarreal CF,79.0,82.0,78.0,79.0,77.0,79.0,Villarreal CF,80.0,83.0,80.0,82.0,80.0,79.0,Villarreal CF,81.0,84.0,81.0,75.0,82.0,79.0,Villarreal CF,84.0,86.0,82.0,85.0,83.0,76.0,Villarreal CF,84.0,85.0,82.0,84.0,83.0,77.0,Villarreal CF,82.0,84.0,80.0,81.0,82.0,77.0
29,193041,Real Madrid,79.0,81.0,76.0,82.0,73.0,68.0,Real Madrid,79.0,83.0,75.0,84.0,75.0,68.0,Real Madrid,85.0,87.0,80.0,85.0,82.0,72.0,Real Madrid,85.0,87.0,80.0,85.0,82.0,72.0,Real Madrid,87.0,90.0,82.0,90.0,81.0,75.0,Real Madrid,87.0,90.0,82.0,90.0,81.0,75.0
30,4667,Roma,79.0,79.0,84.0,81.0,77.0,61.0,Roma,79.0,78.0,83.0,82.0,78.0,57.0,AS Monaco,78.0,78.0,83.0,78.0,77.0,57.0,0,0.0,0.0,0.0,0.0,0.0,0.0,0,0.0,0.0,0.0,0.0,0.0,0.0,0,0.0,0.0,0.0,0.0,0.0,0.0
31,137677,Tottenham Hotspur,79.0,82.0,78.0,83.0,74.0,76.0,Tottenham Hotspur,80.0,83.0,79.0,84.0,75.0,77.0,Tottenham Hotspur,80.0,79.0,77.0,84.0,76.0,76.0,Tottenham Hotspur,79.0,78.0,75.0,83.0,76.0,72.0,Tottenham Hotspur,78.0,78.0,75.0,80.0,75.0,70.0,0,0.0,0.0,0.0,0.0,0.0,0.0
32,139062,Manchester City,79.0,79.0,84.0,86.0,71.0,68.0,Manchester City,78.0,80.0,81.0,82.0,72.0,69.0,Manchester City,78.0,79.0,78.0,80.0,75.0,69.0,Chelsea,79.0,80.0,78.0,81.0,76.0,73.0,Chelsea,76.0,75.0,77.0,76.0,74.0,72.0,Chelsea,75.0,74.0,76.0,74.0,72.0,71.0
33,139668,Lazio,79.0,81.0,78.0,84.0,76.0,65.0,Lazio,80.0,82.0,78.0,87.0,76.0,66.0,Lazio,82.0,82.0,78.0,86.0,80.0,66.0,Lazio,80.0,80.0,78.0,84.0,78.0,66.0,Genoa,77.0,76.0,77.0,78.0,76.0,65.0,Genoa,73.0,72.0,73.0,73.0,72.0,65.0
34,163489,Sassuolo,78.0,80.0,78.0,83.0,76.0,71.0,Sassuolo,79.0,81.0,79.0,84.0,77.0,72.0,Sassuolo,83.0,84.0,81.0,84.0,84.0,72.0,Sassuolo,82.0,82.0,81.0,84.0,83.0,72.0,Sassuolo,82.0,82.0,82.0,83.0,83.0,72.0,Sassuolo,81.0,81.0,80.0,83.0,82.0,72.0
35,193698,TSG 1899 Hoffenheim,78.0,80.0,75.0,81.0,75.0,72.0,TSG 1899 Hoffenheim,78.0,81.0,76.0,83.0,76.0,54.0,TSG 1899 Hoffenheim,80.0,82.0,76.0,84.0,79.0,59.0,TSG 1899 Hoffenheim,82.0,82.0,81.0,84.0,82.0,64.0,TSG 1899 Hoffenheim,83.0,82.0,82.0,85.0,82.0,70.0,TSG 1899 Hoffenheim,82.0,82.0,79.0,84.0,80.0,70.0
36,158121,Stade Rennais FC,78.0,78.0,79.0,83.0,78.0,75.0,Stade Rennais FC,81.0,82.0,82.0,85.0,80.0,78.0,Stade Rennais FC,82.0,82.0,82.0,84.0,80.0,78.0,FC Girondins de Bordeaux,82.0,82.0,82.0,84.0,80.0,78.0,FC Girondins de Bordeaux,78.0,80.0,77.0,78.0,76.0,77.0,FC Girondins de Bordeaux,80.0,81.0,79.0,80.0,77.0,79.0
37,11983,Tottenham Hotspur,78.0,74.0,82.0,76.0,80.0,78.0,0,0.0,0.0,0.0,0.0,0.0,0.0,0,0.0,0.0,0.0,0.0,0.0,0.0,0,0.0,0.0,0.0,0.0,0.0,0.0,0,0.0,0.0,0.0,0.0,0.0,0.0,0,0.0,0.0,0.0,0.0,0.0,0.0
38,110677,Atlético Madrid,78.0,81.0,75.0,82.0,74.0,82.0,Atlético Madrid,81.0,85.0,82.0,80.0,80.0,81.0,Atlético Madrid,81.0,85.0,81.0,79.0,78.0,82.0,Atlético Madrid,81.0,85.0,81.0,79.0,78.0,82.0,Real Sociedad,80.0,84.0,80.0,79.0,77.0,81.0,Real Sociedad,80.0,84.0,80.0,79.0,74.0,81.0
39,114764,Athletic Club de Bilbao,78.0,69.0,82.0,78.0,81.0,80.0,Athletic Club de Bilbao,79.0,71.0,84.0,76.0,82.0,80.0,Athletic Club de Bilbao,79.0,69.0,85.0,74.0,83.0,80.0,0,0.0,0.0,0.0,0.0,0.0,0.0,0,0.0,0.0,0.0,0.0,0.0,0.0,0,0.0,0.0,0.0,0.0,0.0,0.0
40,176550,Arsenal,77.0,82.0,75.0,84.0,70.0,77.0,Arsenal,78.0,83.0,77.0,84.0,71.0,78.0,Arsenal,79.0,83.0,77.0,84.0,71.0,78.0,Arsenal,79.0,83.0,77.0,84.0,71.0,78.0,Napoli,78.0,83.0,75.0,84.0,70.0,78.0,Napoli,80.0,83.0,78.0,85.0,73.0,78.0
41,200389,Atlético Madrid,77.0,74.0,79.0,77.0,83.0,67.0,Atlético Madrid,81.0,77.0,83.0,82.0,84.0,72.0,Atlético Madrid,87.0,83.0,87.0,82.0,90.0,77.0,Atlético Madrid,88.0,84.0,87.0,84.0,90.0,77.0,Atlético Madrid,90.0,86.0,88.0,89.0,92.0,78.0,Atlético Madrid,91.0,87.0,90.0,89.0,92.0,78.0
42,179783,FC Schalke 04,77.0,79.0,76.0,83.0,73.0,71.0,FC Schalke 04,81.0,82.0,81.0,85.0,79.0,65.0,FC Schalke 04,84.0,83.0,85.0,87.0,86.0,51.0,FC Schalke 04,84.0,83.0,85.0,87.0,86.0,52.0,FC Schalke 04,83.0,83.0,82.0,87.0,81.0,52.0,0,0.0,0.0,0.0,0.0,0.0,0.0
43,2147,AS Monaco,77.0,80.0,75.0,78.0,74.0,81.0,Southampton,77.0,81.0,76.0,79.0,75.0,82.0,Everton,76.0,78.0,74.0,76.0,73.0,81.0,Everton,75.0,76.0,72.0,75.0,73.0,79.0,Everton,73.0,74.0,71.0,72.0,72.0,76.0,Everton,73.0,71.0,73.0,73.0,72.0,76.0
44,135043,Manchester United,77.0,82.0,74.0,79.0,76.0,74.0,0,0.0,0.0,0.0,0.0,0.0,0.0,0,0.0,0.0,0.0,0.0,0.0,0.0,0,0.0,0.0,0.0,0.0,0.0,0.0,0,0.0,0.0,0.0,0.0,0.0,0.0,0,0.0,0.0,0.0,0.0,0.0,0.0
45,168354,Sampdoria,77.0,77.0,76.0,82.0,77.0,67.0,Sampdoria,78.0,80.0,77.0,83.0,77.0,68.0,Sampdoria,82.0,81.0,78.0,83.0,84.0,79.0,Sampdoria,82.0,81.0,78.0,83.0,84.0,79.0,0,0.0,0.0,0.0,0.0,0.0,0.0,0,0.0,0.0,0.0,0.0,0.0,0.0
46,198009,Genoa,76.0,75.0,74.0,83.0,71.0,69.0,Genoa,81.0,80.0,78.0,90.0,78.0,71.0,Genoa,83.0,80.0,78.0,90.0,85.0,71.0,Genoa,83.0,80.0,78.0,90.0,85.0,71.0,Juventus,84.0,81.0,79.0,90.0,85.0,71.0,Juventus,82.0,82.0,79.0,87.0,82.0,71.0
47,215316,Real Sociedad,76.0,79.0,72.0,78.0,74.0,69.0,Real Sociedad,79.0,82.0,78.0,83.0,77.0,70.0,Real Sociedad,82.0,85.0,80.0,86.0,79.0,70.0,Real Sociedad,83.0,85.0,82.0,86.0,79.0,75.0,Real Sociedad,81.0,83.0,79.0,84.0,78.0,74.0,Montpellier HSC,81.0,83.0,75.0,86.0,77.0,77.0
48,194404,Fiorentina,76.0,79.0,75.0,83.0,71.0,67.0,Juventus,79.0,84.0,77.0,85.0,75.0,73.0,Juventus,80.0,84.0,74.0,83.0,80.0,74.0,Valencia CF,80.0,84.0,74.0,83.0,80.0,74.0,Valencia CF,84.0,86.0,78.0,82.0,84.0,79.0,FC Barcelona,85.0,86.0,82.0,82.0,81.0,79.0
49,199482,Olympique Lyonnais,76.0,78.0,74.0,83.0,71.0,72.0,Olympique Lyonnais,81.0,85.0,77.0,87.0,76.0,72.0,Olympique Lyonnais,83.0,86.0,77.0,87.0,79.0,76.0,Olympique Lyonnais,83.0,86.0,79.0,85.0,81.0,71.0,Olympique Lyonnais,84.0,86.0,81.0,87.0,80.0,74.0,Olympique Lyonnais,85.0,87.0,84.0,89.0,80.0,75.0
50,194911,West Ham United,76.0,75.0,75.0,81.0,76.0,72.0,West Ham United,78.0,78.0,76.0,85.0,76.0,71.0,West Ham United,80.0,82.0,75.0,86.0,78.0,70.0,West Ham United,79.0,81.0,75.0,84.0,76.0,69.0,West Ham United,78.0,82.0,74.0,83.0,75.0,68.0,Liverpool,76.0,79.0,72.0,80.0,72.0,68.0
51,684,Chelsea,76.0,73.0,79.0,75.0,78.0,66.0,Leicester City,73.0,70.0,78.0,71.0,73.0,67.0,0,0.0,0.0,0.0,0.0,0.0,0.0,0,0.0,0.0,0.0,0.0,0.0,0.0,0,0.0,0.0,0.0,0.0,0.0,0.0,0,0.0,0.0,0.0,0.0,0.0,0.0
52,105846,Southampton,76.0,81.0,73.0,82.0,71.0,61.0,Bournemouth,76.0,82.0,74.0,83.0,72.0,62.0,Bournemouth,76.0,77.0,74.0,83.0,72.0,62.0,Bournemouth,77.0,77.0,77.0,82.0,73.0,62.0,Bournemouth,75.0,75.0,77.0,76.0,73.0,62.0,Bournemouth,75.0,76.0,77.0,75.0,75.0,65.0
53,107713,FC Bayern München,76.0,78.0,75.0,80.0,75.0,66.0,FC Bayern München,76.0,78.0,76.0,79.0,75.0,66.0,FC Bayern München,74.0,76.0,76.0,72.0,73.0,59.0,0,0.0,0.0,0.0,0.0,0.0,0.0,0,0.0,0.0,0.0,0.0,0.0,0.0,0,0.0,0.0,0.0,0.0,0.0,0.0
54,192593,AS Monaco,76.0,76.0,76.0,76.0,75.0,78.0,AS Monaco,81.0,82.0,81.0,83.0,78.0,79.0,AS Monaco,83.0,82.0,81.0,83.0,78.0,79.0,AS Monaco,85.0,84.0,85.0,87.0,79.0,79.0,AS Monaco,83.0,82.0,82.0,84.0,80.0,79.0,AS Monaco,80.0,79.0,80.0,81.0,75.0,76.0
55,172203,Southampton,75.0,72.0,75.0,80.0,76.0,70.0,Southampton,76.0,74.0,76.0,82.0,77.0,74.0,Southampton,78.0,75.0,77.0,82.0,80.0,74.0,Southampton,77.0,74.0,76.0,80.0,78.0,69.0,Southampton,76.0,72.0,77.0,78.0,76.0,64.0,Southampton,73.0,70.0,74.0,77.0,72.0,60.0
56,185181,Valencia CF,75.0,78.0,71.0,78.0,75.0,72.0,Valencia CF,73.0,79.0,70.0,74.0,71.0,73.0,SD Eibar,72.0,74.0,70.0,70.0,71.0,72.0,SD Eibar,77.0,76.0,75.0,78.0,78.0,77.0,0,0.0,0.0,0.0,0.0,0.0,0.0,SD Eibar,74.0,75.0,71.0,75.0,72.0,74.0
57,179954,Hertha BSC,75.0,79.0,71.0,84.0,68.0,60.0,Hertha BSC,76.0,84.0,66.0,84.0,74.0,54.0,Hertha BSC,76.0,80.0,65.0,84.0,75.0,54.0,Hertha BSC,76.0,80.0,65.0,84.0,75.0,54.0,Hertha BSC,76.0,80.0,65.0,84.0,75.0,60.0,Hertha BSC,75.0,79.0,65.0,83.0,74.0,60.0
58,1219,Milan,75.0,81.0,75.0,79.0,69.0,75.0,Milan,77.0,80.0,82.0,80.0,72.0,66.0,0,0.0,0.0,0.0,0.0,0.0,0.0,0,0.0,0.0,0.0,0.0,0.0,0.0,0,0.0,0.0,0.0,0.0,0.0,0.0,0,0.0,0.0,0.0,0.0,0.0,0.0
59,49212,Crystal Palace,75.0,79.0,73.0,79.0,71.0,70.0,Crystal Palace,77.0,80.0,74.0,82.0,72.0,71.0,Crystal Palace,73.0,75.0,69.0,74.0,72.0,71.0,Crystal Palace,71.0,74.0,67.0,73.0,70.0,67.0,Crystal Palace,71.0,73.0,68.0,70.0,69.0,67.0,0,0.0,0.0,0.0,0.0,0.0,0.0
60,123586,Milan,75.0,78.0,74.0,82.0,74.0,62.0,0,0.0,0.0,0.0,0.0,0.0,0.0,0,0.0,0.0,0.0,0.0,0.0,0.0,0,0.0,0.0,0.0,0.0,0.0,0.0,0,0.0,0.0,0.0,0.0,0.0,0.0,0,0.0,0.0,0.0,0.0,0.0,0.0
61,195090,Udinese,75.0,81.0,77.0,79.0,69.0,59.0,0,0.0,0.0,0.0,0.0,0.0,0.0,0,0.0,0.0,0.0,0.0,0.0,0.0,0,0.0,0.0,0.0,0.0,0.0,0.0,0,0.0,0.0,0.0,0.0,0.0,0.0,0,0.0,0.0,0.0,0.0,0.0,0.0
62,192397,Napoli,74.0,77.0,73.0,77.0,73.0,69.0,Napoli,75.0,78.0,74.0,78.0,73.0,72.0,Napoli,74.0,75.0,73.0,74.0,73.0,71.0,Napoli,74.0,75.0,73.0,74.0,73.0,71.0,Sampdoria,74.0,75.0,73.0,74.0,73.0,71.0,0,0.0,0.0,0.0,0.0,0.0,0.0
63,163587,Leicester City,74.0,78.0,69.0,80.0,70.0,83.0,Leicester City,76.0,79.0,72.0,81.0,71.0,85.0,Leicester City,81.0,82.0,78.0,84.0,78.0,85.0,Leicester City,83.0,83.0,80.0,86.0,82.0,82.0,Leicester City,84.0,83.0,80.0,88.0,77.0,82.0,Leicester City,83.0,82.0,79.0,88.0,77.0,79.0
64,168965,FC Nantes,74.0,74.0,78.0,71.0,76.0,76.0,FC Nantes,79.0,78.0,80.0,80.0,81.0,81.0,FC Nantes,78.0,76.0,77.0,79.0,77.0,81.0,0,0.0,0.0,0.0,0.0,0.0,0.0,0,0.0,0.0,0.0,0.0,0.0,0.0,0,0.0,0.0,0.0,0.0,0.0,0.0
65,105308,Torino,74.0,74.0,73.0,75.0,72.0,71.0,0,0.0,0.0,0.0,0.0,0.0,0.0,0,0.0,0.0,0.0,0.0,0.0,0.0,0,0.0,0.0,0.0,0.0,0.0,0.0,0,0.0,0.0,0.0,0.0,0.0,0.0,0,0.0,0.0,0.0,0.0,0.0,0.0
66,111163,LOSC Lille,74.0,79.0,73.0,75.0,72.0,66.0,LOSC Lille,75.0,80.0,74.0,76.0,73.0,67.0,0,0.0,0.0,0.0,0.0,0.0,0.0,0,0.0,0.0,0.0,0.0,0.0,0.0,0,0.0,0.0,0.0,0.0,0.0,0.0,0,0.0,0.0,0.0,0.0,0.0,0.0
67,117063,Paris Saint-Germain,74.0,74.0,73.0,76.0,76.0,70.0,Paris Saint-Germain,75.0,75.0,74.0,77.0,76.0,71.0,0,0.0,0.0,0.0,0.0,0.0,0.0,0,0.0,0.0,0.0,0.0,0.0,0.0,0,0.0,0.0,0.0,0.0,0.0,0.0,0,0.0,0.0,0.0,0.0,0.0,0.0
68,120306,Montpellier HSC,74.0,81.0,78.0,69.0,73.0,71.0,Montpellier HSC,70.0,73.0,74.0,68.0,69.0,66.0,Montpellier HSC,72.0,74.0,74.0,75.0,71.0,72.0,Montpellier HSC,74.0,77.0,75.0,79.0,71.0,70.0,0,0.0,0.0,0.0,0.0,0.0,0.0,0,0.0,0.0,0.0,0.0,0.0,0.0
69,135451,Watford,74.0,80.0,73.0,80.0,66.0,61.0,Watford,75.0,81.0,74.0,81.0,67.0,62.0,Watford,78.0,83.0,74.0,82.0,73.0,62.0,Watford,80.0,83.0,77.0,86.0,75.0,60.0,Watford,77.0,80.0,77.0,83.0,72.0,60.0,Watford,76.0,79.0,75.0,80.0,71.0,58.0
70,137854,Juventus,74.0,77.0,75.0,77.0,71.0,65.0,0,0.0,0.0,0.0,0.0,0.0,0.0,0,0.0,0.0,0.0,0.0,0.0,0.0,Milan,76.0,78.0,75.0,78.0,76.0,66.0,0,0.0,0.0,0.0,0.0,0.0,0.0,0,0.0,0.0,0.0,0.0,0.0,0.0
71,142959,Sevilla FC,74.0,76.0,68.0,80.0,72.0,77.0,Villarreal CF,75.0,77.0,71.0,80.0,73.0,79.0,Villarreal CF,76.0,75.0,71.0,78.0,73.0,79.0,Villarreal CF,75.0,75.0,71.0,78.0,70.0,77.0,Villarreal CF,76.0,77.0,75.0,77.0,73.0,76.0,Villarreal CF,75.0,76.0,74.0,75.0,72.0,76.0
72,145257,SD Eibar,74.0,72.0,77.0,79.0,70.0,62.0,SD Eibar,74.0,73.0,77.0,80.0,71.0,63.0,0,0.0,0.0,0.0,0.0,0.0,0.0,0,0.0,0.0,0.0,0.0,0.0,0.0,0,0.0,0.0,0.0,0.0,0.0,0.0,0,0.0,0.0,0.0,0.0,0.0,0.0
73,162297,Torino,74.0,77.0,75.0,80.0,69.0,62.0,Torino,76.0,79.0,77.0,81.0,73.0,61.0,Torino,77.0,78.0,77.0,77.0,79.0,63.0,Inter,74.0,74.0,76.0,74.0,74.0,63.0,Inter,74.0,74.0,76.0,74.0,74.0,63.0,Inter,74.0,74.0,76.0,74.0,74.0,63.0
74,163791,Montpellier HSC,74.0,78.0,72.0,79.0,70.0,60.0,Montpellier HSC,77.0,80.0,78.0,81.0,75.0,69.0,Montpellier HSC,78.0,80.0,76.0,80.0,75.0,69.0,0,0.0,0.0,0.0,0.0,0.0,0.0,0,0.0,0.0,0.0,0.0,0.0,0.0,0,0.0,0.0,0.0,0.0,0.0,0.0
75,167666,Inter,74.0,76.0,72.0,80.0,72.0,66.0,Inter,74.0,77.0,73.0,77.0,72.0,72.0,Inter,75.0,77.0,73.0,76.0,74.0,72.0,0,0.0,0.0,0.0,0.0,0.0,0.0,0,0.0,0.0,0.0,0.0,0.0,0.0,0,0.0,0.0,0.0,0.0,0.0,0.0
76,183497,Udinese,74.0,76.0,79.0,74.0,71.0,70.0,Udinese,78.0,79.0,79.0,83.0,75.0,71.0,Udinese,82.0,80.0,80.0,84.0,83.0,70.0,Watford,82.0,80.0,80.0,84.0,83.0,70.0,Napoli,79.0,80.0,77.0,81.0,78.0,72.0,Napoli,78.0,78.0,77.0,79.0,76.0,72.0
77,201325,Fiorentina,74.0,71.0,78.0,74.0,73.0,75.0,Fiorentina,75.0,72.0,79.0,75.0,74.0,76.0,Fiorentina,77.0,74.0,79.0,78.0,75.0,74.0,FC Nantes,77.0,75.0,79.0,78.0,75.0,74.0,FC Nantes,78.0,79.0,77.0,81.0,75.0,75.0,Olympique Lyonnais,79.0,79.0,78.0,81.0,77.0,75.0
78,203688,SD Eibar,74.0,72.0,77.0,78.0,71.0,79.0,SD Eibar,75.0,78.0,74.0,79.0,71.0,80.0,0,0.0,0.0,0.0,0.0,0.0,0.0,0,0.0,0.0,0.0,0.0,0.0,0.0,0,0.0,0.0,0.0,0.0,0.0,0.0,0,0.0,0.0,0.0,0.0,0.0,0.0
79,193222,FC Schalke 04,73.0,75.0,72.0,80.0,65.0,56.0,FC Schalke 04,73.0,76.0,73.0,81.0,66.0,57.0,FC Schalke 04,72.0,75.0,72.0,76.0,66.0,57.0,FC Augsburg,72.0,75.0,72.0,75.0,66.0,58.0,FC Augsburg,71.0,74.0,72.0,73.0,66.0,58.0,FC Augsburg,70.0,73.0,71.0,72.0,64.0,58.0
80,173373,Sampdoria,73.0,75.0,70.0,77.0,63.0,80.0,Manchester United,76.0,76.0,73.0,82.0,67.0,81.0,Manchester United,79.0,76.0,76.0,82.0,70.0,81.0,Manchester United,80.0,78.0,78.0,82.0,76.0,81.0,Manchester United,80.0,78.0,77.0,82.0,76.0,81.0,Manchester United,80.0,79.0,79.0,83.0,76.0,81.0
81,190243,FC Augsburg,73.0,76.0,72.0,74.0,72.0,65.0,FC Augsburg,75.0,79.0,75.0,79.0,69.0,68.0,FC Augsburg,80.0,82.0,80.0,82.0,76.0,73.0,FC Augsburg,79.0,82.0,79.0,82.0,75.0,73.0,Borussia Dortmund,79.0,81.0,79.0,81.0,80.0,63.0,Borussia Dortmund,78.0,80.0,79.0,80.0,77.0,63.0
82,7939,West Ham United,73.0,76.0,72.0,76.0,69.0,68.0,0,0.0,0.0,0.0,0.0,0.0,0.0,0,0.0,0.0,0.0,0.0,0.0,0.0,0,0.0,0.0,0.0,0.0,0.0,0.0,0,0.0,0.0,0.0,0.0,0.0,0.0,0,0.0,0.0,0.0,0.0,0.0,0.0
83,53012,TSG 1899 Hoffenheim,73.0,65.0,76.0,77.0,75.0,56.0,TSG 1899 Hoffenheim,68.0,55.0,73.0,75.0,72.0,53.0,0,0.0,0.0,0.0,0.0,0.0,0.0,0,0.0,0.0,0.0,0.0,0.0,0.0,0,0.0,0.0,0.0,0.0,0.0,0.0,0,0.0,0.0,0.0,0.0,0.0,0.0
84,153297,OGC Nice,73.0,75.0,72.0,76.0,71.0,68.0,OGC Nice,72.0,75.0,72.0,75.0,71.0,69.0,OGC Nice,68.0,68.0,70.0,70.0,70.0,67.0,OGC Nice,67.0,67.0,70.0,69.0,69.0,66.0,0,0.0,0.0,0.0,0.0,0.0,0.0,0,0.0,0.0,0.0,0.0,0.0,0.0
85,205878,1. FSV Mainz 05,72.0,76.0,71.0,77.0,67.0,65.0,0,0.0,0.0,0.0,0.0,0.0,0.0,0,0.0,0.0,0.0,0.0,0.0,0.0,0,0.0,0.0,0.0,0.0,0.0,0.0,SV Werder Bremen,73.0,74.0,72.0,79.0,67.0,66.0,SV Werder Bremen,73.0,74.0,72.0,79.0,67.0,66.0
86,189296,Lazio,72.0,76.0,71.0,76.0,71.0,64.0,Lazio,73.0,77.0,72.0,77.0,72.0,65.0,Atalanta,75.0,79.0,74.0,79.0,70.0,63.0,Atalanta,78.0,79.0,78.0,81.0,76.0,67.0,Atalanta,78.0,79.0,78.0,81.0,76.0,67.0,0,0.0,0.0,0.0,0.0,0.0,0.0
87,186941,SV Werder Bremen,72.0,72.0,71.0,77.0,72.0,63.0,SV Werder Bremen,69.0,74.0,66.0,75.0,65.0,59.0,SV Werder Bremen,68.0,68.0,65.0,74.0,64.0,59.0,0,0.0,0.0,0.0,0.0,0.0,0.0,0,0.0,0.0,0.0,0.0,0.0,0.0,0,0.0,0.0,0.0,0.0,0.0,0.0
88,170084,Crystal Palace,72.0,72.0,74.0,71.0,71.0,77.0,Crystal Palace,73.0,72.0,76.0,72.0,74.0,82.0,Crystal Palace,75.0,74.0,76.0,74.0,76.0,82.0,Crystal Palace,74.0,73.0,76.0,71.0,76.0,80.0,Crystal Palace,75.0,73.0,76.0,72.0,76.0,81.0,Crystal Palace,75.0,75.0,75.0,71.0,75.0,80.0
89,6895,FC Augsburg,72.0,71.0,72.0,74.0,71.0,70.0,FC Augsburg,72.0,72.0,72.0,74.0,72.0,64.0,Liverpool,73.0,72.0,72.0,74.0,72.0,53.0,0,0.0,0.0,0.0,0.0,0.0,0.0,0,0.0,0.0,0.0,0.0,0.0,0.0,0,0.0,0.0,0.0,0.0,0.0,0.0
90,7584,Torino,72.0,72.0,76.0,70.0,72.0,66.0,Torino,72.0,73.0,79.0,67.0,73.0,65.0,0,0.0,0.0,0.0,0.0,0.0,0.0,0,0.0,0.0,0.0,0.0,0.0,0.0,0,0.0,0.0,0.0,0.0,0.0,0.0,0,0.0,0.0,0.0,0.0,0.0,0.0
91,113188,Atalanta,72.0,72.0,76.0,76.0,70.0,60.0,0,0.0,0.0,0.0,0.0,0.0,0.0,0,0.0,0.0,0.0,0.0,0.0,0.0,0,0.0,0.0,0.0,0.0,0.0,0.0,0,0.0,0.0,0.0,0.0,0.0,0.0,0,0.0,0.0,0.0,0.0,0.0,0.0
92,163806,RC Celta,72.0,70.0,77.0,70.0,73.0,78.0,RC Celta,76.0,74.0,78.0,81.0,76.0,75.0,RC Celta,77.0,77.0,78.0,80.0,72.0,75.0,RC Celta,77.0,77.0,78.0,80.0,72.0,75.0,RC Celta,78.0,79.0,78.0,81.0,73.0,75.0,RC Celta,75.0,75.0,76.0,81.0,65.0,75.0
93,168297,Roma,72.0,74.0,74.0,76.0,68.0,63.0,1. FSV Mainz 05,72.0,72.0,74.0,75.0,68.0,63.0,1. FSV Mainz 05,73.0,70.0,79.0,74.0,70.0,59.0,0,0.0,0.0,0.0,0.0,0.0,0.0,0,0.0,0.0,0.0,0.0,0.0,0.0,0,0.0,0.0,0.0,0.0,0.0,0.0
94,220048,Udinese,71.0,73.0,69.0,81.0,65.0,59.0,0,0.0,0.0,0.0,0.0,0.0,0.0,Udinese,74.0,73.0,69.0,83.0,72.0,61.0,Udinese,75.0,74.0,70.0,84.0,73.0,63.0,Udinese,72.0,72.0,70.0,80.0,68.0,60.0,Udinese,72.0,72.0,70.0,80.0,68.0,60.0
95,192984,TSG 1899 Hoffenheim,71.0,76.0,69.0,69.0,67.0,71.0,VfL Wolfsburg,73.0,76.0,70.0,76.0,68.0,71.0,VfL Wolfsburg,78.0,80.0,75.0,82.0,69.0,74.0,VfL Wolfsburg,78.0,80.0,75.0,82.0,69.0,74.0,VfL Wolfsburg,82.0,83.0,81.0,83.0,77.0,77.0,VfL Wolfsburg,83.0,83.0,82.0,83.0,79.0,79.0
96,203775,1. FSV Mainz 05,71.0,75.0,67.0,77.0,66.0,74.0,1. FSV Mainz 05,78.0,80.0,77.0,84.0,74.0,74.0,Liverpool,82.0,84.0,80.0,85.0,76.0,80.0,Liverpool,80.0,84.0,76.0,85.0,74.0,74.0,0,0.0,0.0,0.0,0.0,0.0,0.0,0,0.0,0.0,0.0,0.0,0.0,0.0
97,182435,Borussia Dortmund,71.0,74.0,68.0,76.0,67.0,72.0,0,0.0,0.0,0.0,0.0,0.0,0.0,0,0.0,0.0,0.0,0.0,0.0,0.0,0,0.0,0.0,0.0,0.0,0.0,0.0,0,0.0,0.0,0.0,0.0,0.0,0.0,0,0.0,0.0,0.0,0.0,0.0,0.0
98,171992,Villarreal CF,71.0,81.0,59.0,79.0,67.0,69.0,0,0.0,0.0,0.0,0.0,0.0,0.0,0,0.0,0.0,0.0,0.0,0.0,0.0,0,0.0,0.0,0.0,0.0,0.0,0.0,0,0.0,0.0,0.0,0.0,0.0,0.0,0,0.0,0.0,0.0,0.0,0.0,0.0
99,178086,Real Betis,71.0,70.0,64.0,78.0,77.0,66.0,Real Betis,75.0,74.0,75.0,80.0,81.0,75.0,Real Betis,80.0,77.0,80.0,78.0,85.0,78.0,Real Betis,81.0,80.0,81.0,82.0,83.0,72.0,Atlético Madrid,83.0,81.0,84.0,83.0,84.0,78.0,Atlético Madrid,81.0,79.0,82.0,81.0,82.0,78.0
100,199764,Montpellier HSC,71.0,74.0,69.0,74.0,71.0,64.0,Montpellier HSC,73.0,78.0,70.0,75.0,72.0,70.0,Montpellier HSC,69.0,75.0,63.0,70.0,68.0,64.0,0,0.0,0.0,0.0,0.0,0.0,0.0,Montpellier HSC,67.0,70.0,63.0,68.0,65.0,64.0,0,0.0,0.0,0.0,0.0,0.0,0.0
101,106795,Sassuolo,71.0,71.0,75.0,75.0,67.0,59.0,Sassuolo,72.0,72.0,76.0,76.0,68.0,60.0,Sassuolo,72.0,72.0,74.0,74.0,68.0,60.0,Sassuolo,72.0,72.0,74.0,74.0,68.0,60.0,Sassuolo,71.0,71.0,71.0,72.0,68.0,60.0,Sassuolo,70.0,70.0,70.0,70.0,68.0,60.0
102,165735,Liverpool,71.0,74.0,69.0,75.0,67.0,70.0,0,0.0,0.0,0.0,0.0,0.0,0.0,0,0.0,0.0,0.0,0.0,0.0,0.0,0,0.0,0.0,0.0,0.0,0.0,0.0,0,0.0,0.0,0.0,0.0,0.0,0.0,0,0.0,0.0,0.0,0.0,0.0,0.0
103,173857,Napoli,71.0,69.0,75.0,77.0,69.0,59.0,0,0.0,0.0,0.0,0.0,0.0,0.0,0,0.0,0.0,0.0,0.0,0.0,0.0,0,0.0,0.0,0.0,0.0,0.0,0.0,0,0.0,0.0,0.0,0.0,0.0,0.0,0,0.0,0.0,0.0,0.0,0.0,0.0
104,195668,Everton,70.0,69.0,68.0,73.0,70.0,74.0,Everton,74.0,76.0,74.0,75.0,74.0,75.0,Everton,75.0,76.0,74.0,75.0,74.0,75.0,Everton,74.0,78.0,72.0,77.0,69.0,75.0,Real Betis,75.0,79.0,71.0,78.0,70.0,76.0,Real Betis,78.0,83.0,73.0,84.0,72.0,76.0
105,193152,Athletic Club de Bilbao,70.0,71.0,70.0,63.0,82.0,59.0,Athletic Club de Bilbao,74.0,74.0,73.0,71.0,84.0,62.0,Athletic Club de Bilbao,76.0,76.0,73.0,71.0,86.0,62.0,Athletic Club de Bilbao,76.0,76.0,75.0,73.0,83.0,66.0,Athletic Club de Bilbao,78.0,76.0,77.0,75.0,82.0,74.0,Athletic Club de Bilbao,79.0,81.0,78.0,75.0,78.0,84.0
106,194050,VfL Wolfsburg,70.0,71.0,73.0,70.0,67.0,68.0,VfL Wolfsburg,69.0,71.0,70.0,70.0,66.0,65.0,VfL Wolfsburg,68.0,70.0,68.0,67.0,66.0,64.0,VfL Wolfsburg,68.0,70.0,68.0,67.0,66.0,64.0,0,0.0,0.0,0.0,0.0,0.0,0.0,Borussia Mönchengladbach,67.0,68.0,67.0,65.0,66.0,64.0
107,199575,FC Barcelona,70.0,73.0,63.0,77.0,67.0,65.0,FC Barcelona,71.0,74.0,64.0,78.0,68.0,67.0,FC Barcelona,70.0,68.0,64.0,75.0,68.0,67.0,0,0.0,0.0,0.0,0.0,0.0,0.0,0,0.0,0.0,0.0,0.0,0.0,0.0,0,0.0,0.0,0.0,0.0,0.0,0.0
108,104389,Hertha BSC,70.0,71.0,64.0,76.0,69.0,70.0,Hertha BSC,69.0,67.0,66.0,75.0,68.0,71.0,Hertha BSC,77.0,73.0,80.0,75.0,80.0,77.0,Hertha BSC,82.0,78.0,87.0,85.0,81.0,72.0,Hertha BSC,82.0,79.0,86.0,83.0,80.0,76.0,Hertha BSC,83.0,79.0,86.0,84.0,82.0,76.0
109,114126,FC Schalke 04,70.0,72.0,70.0,75.0,67.0,54.0,0,0.0,0.0,0.0,0.0,0.0,0.0,0,0.0,0.0,0.0,0.0,0.0,0.0,0,0.0,0.0,0.0,0.0,0.0,0.0,0,0.0,0.0,0.0,0.0,0.0,0.0,0,0.0,0.0,0.0,0.0,0.0,0.0
110,136875,Roma,70.0,67.0,75.0,75.0,65.0,73.0,Roma,70.0,68.0,76.0,71.0,66.0,74.0,Roma,70.0,67.0,74.0,70.0,65.0,73.0,Roma,70.0,67.0,74.0,69.0,65.0,73.0,0,0.0,0.0,0.0,0.0,0.0,0.0,0,0.0,0.0,0.0,0.0,0.0,0.0
111,152469,Southampton,70.0,73.0,69.0,74.0,67.0,54.0,Southampton,71.0,74.0,70.0,75.0,68.0,55.0,0,0.0,0.0,0.0,0.0,0.0,0.0,0,0.0,0.0,0.0,0.0,0.0,0.0,0,0.0,0.0,0.0,0.0,0.0,0.0,0,0.0,0.0,0.0,0.0,0.0,0.0
112,155961,Real Sociedad,70.0,76.0,66.0,77.0,66.0,62.0,0,0.0,0.0,0.0,0.0,0.0,0.0,0,0.0,0.0,0.0,0.0,0.0,0.0,0,0.0,0.0,0.0,0.0,0.0,0.0,0,0.0,0.0,0.0,0.0,0.0,0.0,0,0.0,0.0,0.0,0.0,0.0,0.0
113,189707,Sampdoria,70.0,69.0,72.0,75.0,67.0,62.0,Bologna,71.0,70.0,73.0,76.0,68.0,63.0,Bologna,72.0,70.0,73.0,74.0,68.0,63.0,Bologna,74.0,75.0,75.0,75.0,72.0,64.0,Bologna,74.0,75.0,75.0,75.0,72.0,64.0,Bologna,72.0,71.0,75.0,72.0,71.0,64.0
114,204513,FC Nantes,69.0,68.0,63.0,73.0,72.0,63.0,FC Nantes,69.0,69.0,64.0,74.0,73.0,64.0,FC Nantes,70.0,69.0,64.0,74.0,73.0,64.0,FC Nantes,72.0,74.0,66.0,75.0,74.0,62.0,FC Nantes,70.0,71.0,66.0,72.0,71.0,61.0,0,0.0,0.0,0.0,0.0,0.0,0.0
115,189908,Roma,69.0,74.0,69.0,72.0,63.0,50.0,0,0.0,0.0,0.0,0.0,0.0,0.0,0,0.0,0.0,0.0,0.0,0.0,0.0,Roma,76.0,80.0,75.0,81.0,75.0,54.0,Bologna,76.0,80.0,75.0,81.0,75.0,54.0,Bologna,76.0,80.0,75.0,81.0,75.0,54.0
116,194198,OGC Nice,69.0,71.0,65.0,74.0,69.0,65.0,0,0.0,0.0,0.0,0.0,0.0,0.0,0,0.0,0.0,0.0,0.0,0.0,0.0,0,0.0,0.0,0.0,0.0,0.0,0.0,0,0.0,0.0,0.0,0.0,0.0,0.0,0,0.0,0.0,0.0,0.0,0.0,0.0
117,183513,TSG 1899 Hoffenheim,69.0,73.0,65.0,74.0,64.0,59.0,TSG 1899 Hoffenheim,70.0,74.0,66.0,75.0,65.0,60.0,0,0.0,0.0,0.0,0.0,0.0,0.0,0,0.0,0.0,0.0,0.0,0.0,0.0,0,0.0,0.0,0.0,0.0,0.0,0.0,0,0.0,0.0,0.0,0.0,0.0,0.0
118,49472,Angers SCO,69.0,73.0,64.0,72.0,67.0,58.0,Angers SCO,71.0,71.0,66.0,72.0,75.0,62.0,0,0.0,0.0,0.0,0.0,0.0,0.0,0,0.0,0.0,0.0,0.0,0.0,0.0,Angers SCO,75.0,78.0,76.0,74.0,74.0,65.0,Angers SCO,74.0,75.0,74.0,75.0,73.0,65.0
119,53736,Bournemouth,69.0,71.0,64.0,71.0,70.0,67.0,0,0.0,0.0,0.0,0.0,0.0,0.0,0,0.0,0.0,0.0,0.0,0.0,0.0,0,0.0,0.0,0.0,0.0,0.0,0.0,0,0.0,0.0,0.0,0.0,0.0,0.0,0,0.0,0.0,0.0,0.0,0.0,0.0
120,206585,Athletic Club de Bilbao,68.0,66.0,70.0,75.0,59.0,73.0,0,0.0,0.0,0.0,0.0,0.0,0.0,Athletic Club de Bilbao,73.0,74.0,69.0,77.0,70.0,74.0,Athletic Club de Bilbao,80.0,78.0,76.0,83.0,81.0,75.0,Chelsea,83.0,84.0,80.0,84.0,80.0,76.0,Chelsea,84.0,84.0,80.0,85.0,82.0,86.0
121,211101,RC Celta,68.0,72.0,65.0,61.0,78.0,56.0,RC Celta,69.0,73.0,66.0,62.0,79.0,65.0,RC Celta,73.0,78.0,74.0,69.0,72.0,65.0,RC Celta,75.0,79.0,75.0,71.0,74.0,69.0,RC Celta,77.0,81.0,77.0,74.0,76.0,73.0,RC Celta,76.0,79.0,76.0,74.0,75.0,73.0
122,12011,Fiorentina,68.0,67.0,69.0,70.0,68.0,61.0,0,0.0,0.0,0.0,0.0,0.0,0.0,0,0.0,0.0,0.0,0.0,0.0,0.0,0,0.0,0.0,0.0,0.0,0.0,0.0,0,0.0,0.0,0.0,0.0,0.0,0.0,0,0.0,0.0,0.0,0.0,0.0,0.0
123,115888,Borussia Mönchengladbach,68.0,64.0,71.0,73.0,68.0,55.0,Borussia Mönchengladbach,67.0,64.0,70.0,73.0,66.0,57.0,Borussia Mönchengladbach,68.0,64.0,70.0,73.0,66.0,57.0,Borussia Mönchengladbach,68.0,64.0,70.0,73.0,66.0,57.0,0,0.0,0.0,0.0,0.0,0.0,0.0,0,0.0,0.0,0.0,0.0,0.0,0.0
124,135073,Juventus,68.0,73.0,65.0,75.0,65.0,57.0,Juventus,72.0,74.0,76.0,74.0,70.0,64.0,0,0.0,0.0,0.0,0.0,0.0,0.0,0,0.0,0.0,0.0,0.0,0.0,0.0,0,0.0,0.0,0.0,0.0,0.0,0.0,0,0.0,0.0,0.0,0.0,0.0,0.0
125,146637,Real Betis,68.0,73.0,61.0,76.0,61.0,60.0,Real Betis,70.0,73.0,65.0,78.0,65.0,65.0,Real Betis,70.0,71.0,65.0,76.0,65.0,65.0,Real Betis,70.0,71.0,65.0,76.0,65.0,65.0,0,0.0,0.0,0.0,0.0,0.0,0.0,0,0.0,0.0,0.0,0.0,0.0,0.0
126,190769,Genoa,67.0,67.0,66.0,70.0,68.0,65.0,Genoa,71.0,70.0,71.0,74.0,69.0,66.0,Genoa,72.0,70.0,71.0,74.0,72.0,66.0,Genoa,72.0,70.0,71.0,74.0,72.0,66.0,0,0.0,0.0,0.0,0.0,0.0,0.0,0,0.0,0.0,0.0,0.0,0.0,0.0
127,116335,Stade Rennais FC,67.0,66.0,70.0,65.0,72.0,67.0,Stade Rennais FC,68.0,66.0,71.0,65.0,73.0,68.0,0,0.0,0.0,0.0,0.0,0.0,0.0,0,0.0,0.0,0.0,0.0,0.0,0.0,0,0.0,0.0,0.0,0.0,0.0,0.0,0,0.0,0.0,0.0,0.0,0.0,0.0
128,137637,Bayer 04 Leverkusen,67.0,74.0,58.0,72.0,60.0,67.0,Bayer 04 Leverkusen,68.0,75.0,60.0,73.0,61.0,68.0,0,0.0,0.0,0.0,0.0,0.0,0.0,0,0.0,0.0,0.0,0.0,0.0,0.0,0,0.0,0.0,0.0,0.0,0.0,0.0,0,0.0,0.0,0.0,0.0,0.0,0.0
129,149309,Napoli,67.0,66.0,69.0,74.0,63.0,49.0,0,0.0,0.0,0.0,0.0,0.0,0.0,0,0.0,0.0,0.0,0.0,0.0,0.0,0,0.0,0.0,0.0,0.0,0.0,0.0,Torino,69.0,68.0,70.0,68.0,69.0,46.0,Torino,69.0,68.0,70.0,68.0,69.0,46.0
130,204883,Olympique de Marseille,66.0,67.0,63.0,68.0,65.0,58.0,0,0.0,0.0,0.0,0.0,0.0,0.0,Olympique de Marseille,66.0,66.0,62.0,67.0,64.0,57.0,0,0.0,0.0,0.0,0.0,0.0,0.0,0,0.0,0.0,0.0,0.0,0.0,0.0,0,0.0,0.0,0.0,0.0,0.0,0.0
131,209483,OGC Nice,65.0,64.0,66.0,69.0,62.0,58.0,OGC Nice,71.0,75.0,69.0,73.0,70.0,68.0,OGC Nice,70.0,75.0,70.0,69.0,65.0,64.0,0,0.0,0.0,0.0,0.0,0.0,0.0,OGC Nice,71.0,75.0,68.0,75.0,65.0,65.0,0,0.0,0.0,0.0,0.0,0.0,0.0
132,173531,Manchester United,65.0,64.0,60.0,70.0,67.0,66.0,0,0.0,0.0,0.0,0.0,0.0,0.0,0,0.0,0.0,0.0,0.0,0.0,0.0,0,0.0,0.0,0.0,0.0,0.0,0.0,0,0.0,0.0,0.0,0.0,0.0,0.0,0,0.0,0.0,0.0,0.0,0.0,0.0
133,170008,Leicester City,65.0,69.0,63.0,66.0,63.0,65.0,0,0.0,0.0,0.0,0.0,0.0,0.0,Leicester City,66.0,70.0,64.0,67.0,64.0,64.0,Leicester City,68.0,71.0,69.0,68.0,63.0,63.0,0,0.0,0.0,0.0,0.0,0.0,0.0,0,0.0,0.0,0.0,0.0,0.0,0.0
134,220604,Valencia CF,65.0,67.0,62.0,62.0,71.0,66.0,Valencia CF,67.0,73.0,63.0,68.0,72.0,67.0,Valencia CF,74.0,73.0,69.0,79.0,73.0,69.0,Valencia CF,75.0,74.0,72.0,79.0,73.0,70.0,Valencia CF,76.0,74.0,74.0,82.0,73.0,73.0,Valencia CF,76.0,74.0,72.0,82.0,73.0,75.0
135,7674,Bologna,65.0,69.0,73.0,65.0,61.0,57.0,0,0.0,0.0,0.0,0.0,0.0,0.0,0,0.0,0.0,0.0,0.0,0.0,0.0,0,0.0,0.0,0.0,0.0,0.0,0.0,0,0.0,0.0,0.0,0.0,0.0,0.0,0,0.0,0.0,0.0,0.0,0.0,0.0
136,162927,Bayer 04 Leverkusen,65.0,65.0,68.0,69.0,58.0,54.0,Bayer 04 Leverkusen,65.0,66.0,69.0,70.0,59.0,55.0,0,0.0,0.0,0.0,0.0,0.0,0.0,0,0.0,0.0,0.0,0.0,0.0,0.0,0,0.0,0.0,0.0,0.0,0.0,0.0,0,0.0,0.0,0.0,0.0,0.0,0.0
137,183597,TSG 1899 Hoffenheim,65.0,69.0,63.0,62.0,67.0,65.0,TSG 1899 Hoffenheim,65.0,70.0,64.0,63.0,68.0,66.0,TSG 1899 Hoffenheim,66.0,70.0,64.0,63.0,68.0,66.0,TSG 1899 Hoffenheim,66.0,70.0,64.0,63.0,68.0,66.0,TSG 1899 Hoffenheim,65.0,69.0,63.0,63.0,67.0,66.0,TSG 1899 Hoffenheim,65.0,69.0,63.0,63.0,67.0,66.0
138,212151,Lazio,64.0,67.0,57.0,72.0,62.0,57.0,0,0.0,0.0,0.0,0.0,0.0,0.0,Lazio,64.0,69.0,60.0,66.0,61.0,56.0,Lazio,74.0,74.0,69.0,80.0,70.0,73.0,Lazio,80.0,81.0,77.0,86.0,77.0,75.0,Lazio,82.0,84.0,79.0,87.0,78.0,75.0
139,197928,Watford,64.0,65.0,62.0,69.0,63.0,62.0,0,0.0,0.0,0.0,0.0,0.0,0.0,0,0.0,0.0,0.0,0.0,0.0,0.0,0,0.0,0.0,0.0,0.0,0.0,0.0,0,0.0,0.0,0.0,0.0,0.0,0.0,0,0.0,0.0,0.0,0.0,0.0,0.0
140,202168,FC Girondins de Bordeaux,64.0,65.0,65.0,63.0,63.0,69.0,0,0.0,0.0,0.0,0.0,0.0,0.0,0,0.0,0.0,0.0,0.0,0.0,0.0,0,0.0,0.0,0.0,0.0,0.0,0.0,0,0.0,0.0,0.0,0.0,0.0,0.0,0,0.0,0.0,0.0,0.0,0.0,0.0
141,189061,Hertha BSC,64.0,60.0,65.0,64.0,67.0,63.0,0,0.0,0.0,0.0,0.0,0.0,0.0,0,0.0,0.0,0.0,0.0,0.0,0.0,0,0.0,0.0,0.0,0.0,0.0,0.0,0,0.0,0.0,0.0,0.0,0.0,0.0,0,0.0,0.0,0.0,0.0,0.0,0.0
142,208764,Borussia Dortmund,64.0,68.0,58.0,67.0,62.0,61.0,0,0.0,0.0,0.0,0.0,0.0,0.0,0,0.0,0.0,0.0,0.0,0.0,0.0,0,0.0,0.0,0.0,0.0,0.0,0.0,0,0.0,0.0,0.0,0.0,0.0,0.0,0,0.0,0.0,0.0,0.0,0.0,0.0
143,205747,AS Monaco,64.0,65.0,63.0,67.0,65.0,58.0,0,0.0,0.0,0.0,0.0,0.0,0.0,0,0.0,0.0,0.0,0.0,0.0,0.0,0,0.0,0.0,0.0,0.0,0.0,0.0,0,0.0,0.0,0.0,0.0,0.0,0.0,0,0.0,0.0,0.0,0.0,0.0,0.0
144,53756,Crystal Palace,64.0,66.0,60.0,67.0,65.0,58.0,0,0.0,0.0,0.0,0.0,0.0,0.0,0,0.0,0.0,0.0,0.0,0.0,0.0,0,0.0,0.0,0.0,0.0,0.0,0.0,0,0.0,0.0,0.0,0.0,0.0,0.0,0,0.0,0.0,0.0,0.0,0.0,0.0
145,158718,Napoli,64.0,62.0,67.0,68.0,63.0,54.0,0,0.0,0.0,0.0,0.0,0.0,0.0,0,0.0,0.0,0.0,0.0,0.0,0.0,0,0.0,0.0,0.0,0.0,0.0,0.0,0,0.0,0.0,0.0,0.0,0.0,0.0,0,0.0,0.0,0.0,0.0,0.0,0.0
146,158996,Sassuolo,64.0,67.0,66.0,68.0,59.0,57.0,0,0.0,0.0,0.0,0.0,0.0,0.0,0,0.0,0.0,0.0,0.0,0.0,0.0,0,0.0,0.0,0.0,0.0,0.0,0.0,0,0.0,0.0,0.0,0.0,0.0,0.0,0,0.0,0.0,0.0,0.0,0.0,0.0
147,188017,Sassuolo,64.0,63.0,69.0,66.0,61.0,56.0,Sassuolo,65.0,64.0,70.0,67.0,61.0,57.0,Sassuolo,66.0,64.0,69.0,67.0,61.0,58.0,0,0.0,0.0,0.0,0.0,0.0,0.0,0,0.0,0.0,0.0,0.0,0.0,0.0,0,0.0,0.0,0.0,0.0,0.0,0.0
148,219836,Real Madrid,63.0,60.0,57.0,68.0,70.0,61.0,Real Madrid,63.0,67.0,56.0,69.0,64.0,60.0,Real Madrid,65.0,66.0,56.0,69.0,64.0,60.0,0,0.0,0.0,0.0,0.0,0.0,0.0,0,0.0,0.0,0.0,0.0,0.0,0.0,0,0.0,0.0,0.0,0.0,0.0,0.0
149,209990,SV Werder Bremen,63.0,63.0,61.0,69.0,60.0,59.0,0,0.0,0.0,0.0,0.0,0.0,0.0,0,0.0,0.0,0.0,0.0,0.0,0.0,0,0.0,0.0,0.0,0.0,0.0,0.0,0,0.0,0.0,0.0,0.0,0.0,0.0,0,0.0,0.0,0.0,0.0,0.0,0.0
150,202811,Arsenal,63.0,66.0,60.0,67.0,60.0,72.0,0,0.0,0.0,0.0,0.0,0.0,0.0,0,0.0,0.0,0.0,0.0,0.0,0.0,0,0.0,0.0,0.0,0.0,0.0,0.0,Arsenal,72.0,73.0,70.0,74.0,69.0,75.0,Arsenal,75.0,75.0,73.0,76.0,74.0,76.0
151,213573,Hertha BSC,63.0,60.0,63.0,64.0,65.0,61.0,Hertha BSC,64.0,63.0,64.0,65.0,65.0,62.0,0,0.0,0.0,0.0,0.0,0.0,0.0,0,0.0,0.0,0.0,0.0,0.0,0.0,Hertha BSC,69.0,67.0,67.0,72.0,70.0,58.0,0,0.0,0.0,0.0,0.0,0.0,0.0
152,205186,Southampton,63.0,66.0,56.0,71.0,58.0,83.0,Southampton,65.0,69.0,57.0,72.0,59.0,84.0,0,0.0,0.0,0.0,0.0,0.0,0.0,Tottenham Hotspur,70.0,67.0,68.0,70.0,73.0,84.0,Tottenham Hotspur,70.0,67.0,68.0,71.0,73.0,84.0,Tottenham Hotspur,75.0,76.0,75.0,78.0,74.0,84.0
153,193314,Villarreal CF,63.0,49.0,72.0,69.0,69.0,54.0,Villarreal CF,64.0,50.0,73.0,70.0,70.0,55.0,0,0.0,0.0,0.0,0.0,0.0,0.0,0,0.0,0.0,0.0,0.0,0.0,0.0,0,0.0,0.0,0.0,0.0,0.0,0.0,0,0.0,0.0,0.0,0.0,0.0,0.0
154,199574,Angers SCO,63.0,61.0,61.0,67.0,63.0,56.0,Angers SCO,64.0,62.0,62.0,68.0,64.0,57.0,Angers SCO,70.0,67.0,70.0,72.0,68.0,61.0,Angers SCO,76.0,75.0,76.0,81.0,74.0,67.0,0,0.0,0.0,0.0,0.0,0.0,0.0,0,0.0,0.0,0.0,0.0,0.0,0.0
155,54037,Inter,63.0,63.0,66.0,65.0,59.0,58.0,Inter,63.0,64.0,67.0,66.0,60.0,59.0,Inter,64.0,64.0,64.0,66.0,60.0,59.0,Inter,64.0,64.0,64.0,66.0,60.0,59.0,Inter,64.0,64.0,64.0,66.0,60.0,59.0,Inter,64.0,64.0,64.0,66.0,60.0,59.0
156,172198,AS Saint-Étienne,63.0,62.0,65.0,63.0,65.0,64.0,AS Saint-Étienne,66.0,68.0,66.0,67.0,66.0,65.0,AS Saint-Étienne,68.0,70.0,66.0,67.0,70.0,65.0,AS Saint-Étienne,68.0,70.0,66.0,70.0,70.0,65.0,AS Saint-Étienne,68.0,70.0,66.0,70.0,70.0,65.0,AS Saint-Étienne,68.0,70.0,66.0,70.0,70.0,65.0
157,206075,Manchester United,62.0,68.0,58.0,71.0,54.0,52.0,Manchester United,63.0,69.0,60.0,72.0,56.0,53.0,Manchester United,68.0,70.0,63.0,73.0,71.0,67.0,0,0.0,0.0,0.0,0.0,0.0,0.0,0,0.0,0.0,0.0,0.0,0.0,0.0,0,0.0,0.0,0.0,0.0,0.0,0.0
158,210772,VfL Wolfsburg,62.0,62.0,63.0,59.0,63.0,65.0,0,0.0,0.0,0.0,0.0,0.0,0.0,0,0.0,0.0,0.0,0.0,0.0,0.0,0,0.0,0.0,0.0,0.0,0.0,0.0,0,0.0,0.0,0.0,0.0,0.0,0.0,0,0.0,0.0,0.0,0.0,0.0,0.0
159,222464,Valencia CF,62.0,65.0,65.0,61.0,60.0,59.0,0,0.0,0.0,0.0,0.0,0.0,0.0,Valencia CF,63.0,64.0,66.0,62.0,61.0,60.0,0,0.0,0.0,0.0,0.0,0.0,0.0,0,0.0,0.0,0.0,0.0,0.0,0.0,0,0.0,0.0,0.0,0.0,0.0,0.0
160,209960,Real Madrid,62.0,60.0,58.0,74.0,54.0,60.0,0,0.0,0.0,0.0,0.0,0.0,0.0,0,0.0,0.0,0.0,0.0,0.0,0.0,0,0.0,0.0,0.0,0.0,0.0,0.0,0,0.0,0.0,0.0,0.0,0.0,0.0,0,0.0,0.0,0.0,0.0,0.0,0.0
161,7597,Atalanta,62.0,61.0,73.0,59.0,61.0,54.0,0,0.0,0.0,0.0,0.0,0.0,0.0,0,0.0,0.0,0.0,0.0,0.0,0.0,0,0.0,0.0,0.0,0.0,0.0,0.0,0,0.0,0.0,0.0,0.0,0.0,0.0,0,0.0,0.0,0.0,0.0,0.0,0.0
162,50660,Manchester City,62.0,67.0,57.0,61.0,61.0,65.0,Manchester City,63.0,68.0,58.0,62.0,62.0,66.0,0,0.0,0.0,0.0,0.0,0.0,0.0,0,0.0,0.0,0.0,0.0,0.0,0.0,0,0.0,0.0,0.0,0.0,0.0,0.0,0,0.0,0.0,0.0,0.0,0.0,0.0
163,152933,Bournemouth,62.0,59.0,65.0,62.0,62.0,64.0,0,0.0,0.0,0.0,0.0,0.0,0.0,0,0.0,0.0,0.0,0.0,0.0,0.0,0,0.0,0.0,0.0,0.0,0.0,0.0,0,0.0,0.0,0.0,0.0,0.0,0.0,0,0.0,0.0,0.0,0.0,0.0,0.0
164,216174,SD Eibar,62.0,55.0,68.0,59.0,68.0,62.0,0,0.0,0.0,0.0,0.0,0.0,0.0,0,0.0,0.0,0.0,0.0,0.0,0.0,0,0.0,0.0,0.0,0.0,0.0,0.0,0,0.0,0.0,0.0,0.0,0.0,0.0,0,0.0,0.0,0.0,0.0,0.0,0.0
165,219584,Fiorentina,61.0,66.0,54.0,65.0,59.0,63.0,Fiorentina,62.0,67.0,55.0,66.0,60.0,64.0,Fiorentina,66.0,67.0,64.0,70.0,60.0,60.0,0,0.0,0.0,0.0,0.0,0.0,0.0,0,0.0,0.0,0.0,0.0,0.0,0.0,0,0.0,0.0,0.0,0.0,0.0,0.0
166,221909,Everton,61.0,55.0,62.0,65.0,65.0,69.0,Everton,63.0,58.0,63.0,66.0,66.0,69.0,0,0.0,0.0,0.0,0.0,0.0,0.0,0,0.0,0.0,0.0,0.0,0.0,0.0,0,0.0,0.0,0.0,0.0,0.0,0.0,0,0.0,0.0,0.0,0.0,0.0,0.0
167,222411,FC Girondins de Bordeaux,61.0,63.0,63.0,61.0,59.0,61.0,FC Girondins de Bordeaux,68.0,72.0,64.0,70.0,67.0,67.0,FC Girondins de Bordeaux,71.0,73.0,64.0,74.0,67.0,75.0,FC Girondins de Bordeaux,72.0,74.0,69.0,74.0,70.0,75.0,FC Girondins de Bordeaux,71.0,73.0,69.0,73.0,69.0,74.0,0,0.0,0.0,0.0,0.0,0.0,0.0
168,225149,LOSC Lille,61.0,62.0,63.0,61.0,58.0,69.0,LOSC Lille,62.0,63.0,64.0,62.0,59.0,70.0,LOSC Lille,63.0,63.0,64.0,62.0,59.0,70.0,0,0.0,0.0,0.0,0.0,0.0,0.0,0,0.0,0.0,0.0,0.0,0.0,0.0,0,0.0,0.0,0.0,0.0,0.0,0.0
169,205703,Villarreal CF,61.0,62.0,60.0,66.0,56.0,58.0,0,0.0,0.0,0.0,0.0,0.0,0.0,0,0.0,0.0,0.0,0.0,0.0,0.0,0,0.0,0.0,0.0,0.0,0.0,0.0,0,0.0,0.0,0.0,0.0,0.0,0.0,0,0.0,0.0,0.0,0.0,0.0,0.0
170,220820,Paris Saint-Germain,61.0,61.0,65.0,61.0,62.0,49.0,0,0.0,0.0,0.0,0.0,0.0,0.0,0,0.0,0.0,0.0,0.0,0.0,0.0,0,0.0,0.0,0.0,0.0,0.0,0.0,0,0.0,0.0,0.0,0.0,0.0,0.0,0,0.0,0.0,0.0,0.0,0.0,0.0
171,212453,RCD Espanyol,61.0,57.0,58.0,67.0,63.0,55.0,0,0.0,0.0,0.0,0.0,0.0,0.0,0,0.0,0.0,0.0,0.0,0.0,0.0,0,0.0,0.0,0.0,0.0,0.0,0.0,0,0.0,0.0,0.0,0.0,0.0,0.0,0,0.0,0.0,0.0,0.0,0.0,0.0
172,225116,Udinese,60.0,64.0,58.0,65.0,53.0,52.0,Udinese,63.0,67.0,59.0,73.0,55.0,51.0,0,0.0,0.0,0.0,0.0,0.0,0.0,0,0.0,0.0,0.0,0.0,0.0,0.0,Napoli,75.0,77.0,75.0,78.0,71.0,66.0,Napoli,78.0,79.0,77.0,82.0,74.0,70.0
173,205759,Bologna,60.0,64.0,55.0,67.0,56.0,57.0,Bologna,60.0,65.0,56.0,68.0,57.0,58.0,0,0.0,0.0,0.0,0.0,0.0,0.0,0,0.0,0.0,0.0,0.0,0.0,0.0,0,0.0,0.0,0.0,0.0,0.0,0.0,0,0.0,0.0,0.0,0.0,0.0,0.0
174,211398,AS Monaco,60.0,62.0,57.0,64.0,58.0,56.0,0,0.0,0.0,0.0,0.0,0.0,0.0,0,0.0,0.0,0.0,0.0,0.0,0.0,0,0.0,0.0,0.0,0.0,0.0,0.0,0,0.0,0.0,0.0,0.0,0.0,0.0,0,0.0,0.0,0.0,0.0,0.0,0.0
175,216065,Atalanta,60.0,66.0,52.0,64.0,58.0,55.0,Atalanta,75.0,76.0,75.0,77.0,75.0,68.0,Atalanta,82.0,84.0,79.0,85.0,80.0,72.0,Fiorentina,78.0,80.0,77.0,81.0,76.0,68.0,0,0.0,0.0,0.0,0.0,0.0,0.0,Atalanta,77.0,77.0,77.0,79.0,75.0,68.0
176,199721,Olympique Lyonnais,60.0,64.0,58.0,65.0,57.0,59.0,Olympique Lyonnais,63.0,69.0,55.0,69.0,61.0,61.0,Olympique Lyonnais,68.0,76.0,63.0,71.0,63.0,61.0,Olympique Lyonnais,69.0,76.0,63.0,72.0,64.0,64.0,Olympique Lyonnais,68.0,73.0,62.0,71.0,64.0,66.0,0,0.0,0.0,0.0,0.0,0.0,0.0
177,202761,Crystal Palace,60.0,65.0,59.0,61.0,59.0,54.0,0,0.0,0.0,0.0,0.0,0.0,0.0,0,0.0,0.0,0.0,0.0,0.0,0.0,0,0.0,0.0,0.0,0.0,0.0,0.0,0,0.0,0.0,0.0,0.0,0.0,0.0,0,0.0,0.0,0.0,0.0,0.0,0.0
178,206652,Sevilla FC,60.0,64.0,54.0,64.0,59.0,55.0,Sevilla FC,74.0,73.0,71.0,79.0,75.0,72.0,Sevilla FC,80.0,80.0,80.0,82.0,80.0,77.0,Sevilla FC,82.0,79.0,82.0,83.0,80.0,78.0,0,0.0,0.0,0.0,0.0,0.0,0.0,Sevilla FC,77.0,77.0,74.0,80.0,74.0,77.0
179,225352,Real Sociedad,60.0,66.0,52.0,62.0,60.0,58.0,Real Sociedad,61.0,67.0,53.0,63.0,61.0,59.0,Real Sociedad,64.0,67.0,56.0,67.0,61.0,59.0,0,0.0,0.0,0.0,0.0,0.0,0.0,0,0.0,0.0,0.0,0.0,0.0,0.0,0,0.0,0.0,0.0,0.0,0.0,0.0
180,188597,FC Nantes,60.0,64.0,63.0,68.0,52.0,51.0,0,0.0,0.0,0.0,0.0,0.0,0.0,0,0.0,0.0,0.0,0.0,0.0,0.0,0,0.0,0.0,0.0,0.0,0.0,0.0,0,0.0,0.0,0.0,0.0,0.0,0.0,0,0.0,0.0,0.0,0.0,0.0,0.0
181,204092,Borussia Mönchengladbach,59.0,64.0,51.0,66.0,59.0,63.0,0,0.0,0.0,0.0,0.0,0.0,0.0,Borussia Mönchengladbach,67.0,69.0,60.0,74.0,68.0,67.0,0,0.0,0.0,0.0,0.0,0.0,0.0,0,0.0,0.0,0.0,0.0,0.0,0.0,0,0.0,0.0,0.0,0.0,0.0,0.0
182,210366,Bayer 04 Leverkusen,59.0,65.0,57.0,62.0,52.0,59.0,0,0.0,0.0,0.0,0.0,0.0,0.0,Bayer 04 Leverkusen,66.0,70.0,64.0,70.0,61.0,65.0,Bayer 04 Leverkusen,66.0,70.0,64.0,70.0,61.0,65.0,0,0.0,0.0,0.0,0.0,0.0,0.0,Bayer 04 Leverkusen,68.0,70.0,65.0,71.0,64.0,66.0
183,223686,FC Schalke 04,58.0,62.0,52.0,62.0,58.0,56.0,0,0.0,0.0,0.0,0.0,0.0,0.0,FC Schalke 04,72.0,76.0,72.0,74.0,64.0,71.0,0,0.0,0.0,0.0,0.0,0.0,0.0,0,0.0,0.0,0.0,0.0,0.0,0.0,0,0.0,0.0,0.0,0.0,0.0,0.0
184,220460,Juventus,58.0,59.0,48.0,73.0,55.0,59.0,0,0.0,0.0,0.0,0.0,0.0,0.0,0,0.0,0.0,0.0,0.0,0.0,0.0,0,0.0,0.0,0.0,0.0,0.0,0.0,0,0.0,0.0,0.0,0.0,0.0,0.0,0,0.0,0.0,0.0,0.0,0.0,0.0
185,224041,TSG 1899 Hoffenheim,58.0,61.0,54.0,62.0,55.0,58.0,0,0.0,0.0,0.0,0.0,0.0,0.0,0,0.0,0.0,0.0,0.0,0.0,0.0,0,0.0,0.0,0.0,0.0,0.0,0.0,0,0.0,0.0,0.0,0.0,0.0,0.0,0,0.0,0.0,0.0,0.0,0.0,0.0
186,210127,Roma,58.0,59.0,58.0,63.0,55.0,43.0,0,0.0,0.0,0.0,0.0,0.0,0.0,0,0.0,0.0,0.0,0.0,0.0,0.0,0,0.0,0.0,0.0,0.0,0.0,0.0,0,0.0,0.0,0.0,0.0,0.0,0.0,0,0.0,0.0,0.0,0.0,0.0,0.0
187,211358,Olympique de Marseille,58.0,63.0,52.0,64.0,53.0,52.0,0,0.0,0.0,0.0,0.0,0.0,0.0,0,0.0,0.0,0.0,0.0,0.0,0.0,0,0.0,0.0,0.0,0.0,0.0,0.0,0,0.0,0.0,0.0,0.0,0.0,0.0,0,0.0,0.0,0.0,0.0,0.0,0.0
188,206307,Olympique Lyonnais,58.0,59.0,51.0,60.0,62.0,64.0,0,0.0,0.0,0.0,0.0,0.0,0.0,0,0.0,0.0,0.0,0.0,0.0,0.0,0,0.0,0.0,0.0,0.0,0.0,0.0,0,0.0,0.0,0.0,0.0,0.0,0.0,0,0.0,0.0,0.0,0.0,0.0,0.0
189,198414,West Ham United,58.0,58.0,57.0,62.0,57.0,56.0,West Ham United,59.0,59.0,58.0,63.0,58.0,57.0,West Ham United,60.0,59.0,57.0,63.0,58.0,57.0,0,0.0,0.0,0.0,0.0,0.0,0.0,0,0.0,0.0,0.0,0.0,0.0,0.0,0,0.0,0.0,0.0,0.0,0.0,0.0
190,203849,Southampton,58.0,61.0,54.0,63.0,57.0,62.0,0,0.0,0.0,0.0,0.0,0.0,0.0,0,0.0,0.0,0.0,0.0,0.0,0.0,0,0.0,0.0,0.0,0.0,0.0,0.0,0,0.0,0.0,0.0,0.0,0.0,0.0,0,0.0,0.0,0.0,0.0,0.0,0.0
191,222572,RC Celta,58.0,60.0,52.0,64.0,55.0,60.0,RC Celta,59.0,61.0,53.0,65.0,56.0,61.0,RC Celta,64.0,68.0,61.0,67.0,60.0,63.0,RC Celta,64.0,69.0,59.0,68.0,60.0,63.0,RC Celta,68.0,71.0,65.0,71.0,63.0,65.0,RC Celta,67.0,69.0,65.0,69.0,62.0,64.0
192,203316,Leicester City,58.0,56.0,57.0,65.0,55.0,57.0,0,0.0,0.0,0.0,0.0,0.0,0.0,0,0.0,0.0,0.0,0.0,0.0,0.0,0,0.0,0.0,0.0,0.0,0.0,0.0,0,0.0,0.0,0.0,0.0,0.0,0.0,0,0.0,0.0,0.0,0.0,0.0,0.0
193,222695,SV Werder Bremen,57.0,60.0,53.0,60.0,56.0,51.0,SV Werder Bremen,59.0,62.0,57.0,64.0,58.0,56.0,0,0.0,0.0,0.0,0.0,0.0,0.0,0,0.0,0.0,0.0,0.0,0.0,0.0,0,0.0,0.0,0.0,0.0,0.0,0.0,0,0.0,0.0,0.0,0.0,0.0,0.0
194,205378,AS Saint-Étienne,57.0,59.0,51.0,62.0,57.0,53.0,0,0.0,0.0,0.0,0.0,0.0,0.0,0,0.0,0.0,0.0,0.0,0.0,0.0,0,0.0,0.0,0.0,0.0,0.0,0.0,0,0.0,0.0,0.0,0.0,0.0,0.0,0,0.0,0.0,0.0,0.0,0.0,0.0
195,204334,FC Augsburg,57.0,58.0,56.0,61.0,58.0,53.0,0,0.0,0.0,0.0,0.0,0.0,0.0,FC Augsburg,59.0,59.0,57.0,62.0,59.0,54.0,FC Augsburg,59.0,59.0,57.0,62.0,59.0,54.0,0,0.0,0.0,0.0,0.0,0.0,0.0,0,0.0,0.0,0.0,0.0,0.0,0.0
196,207998,Liverpool,57.0,60.0,52.0,61.0,55.0,58.0,0,0.0,0.0,0.0,0.0,0.0,0.0,0,0.0,0.0,0.0,0.0,0.0,0.0,Liverpool,70.0,70.0,67.0,73.0,69.0,63.0,Leicester City,72.0,73.0,68.0,74.0,71.0,64.0,Leicester City,73.0,74.0,72.0,74.0,72.0,64.0
197,221087,RCD Espanyol,57.0,56.0,58.0,59.0,57.0,53.0,RCD Espanyol,70.0,67.0,72.0,71.0,74.0,66.0,Tottenham Hotspur,73.0,70.0,74.0,71.0,75.0,68.0,RCD Espanyol,78.0,76.0,79.0,77.0,77.0,75.0,Real Betis,82.0,81.0,83.0,81.0,82.0,79.0,Roma,83.0,82.0,82.0,84.0,83.0,79.0
198,224130,Arsenal,57.0,68.0,49.0,60.0,52.0,52.0,0,0.0,0.0,0.0,0.0,0.0,0.0,0,0.0,0.0,0.0,0.0,0.0,0.0,0,0.0,0.0,0.0,0.0,0.0,0.0,0,0.0,0.0,0.0,0.0,0.0,0.0,0,0.0,0.0,0.0,0.0,0.0,0.0
199,220346,Real Betis,57.0,58.0,64.0,56.0,55.0,49.0,Real Betis,62.0,59.0,67.0,62.0,64.0,54.0,0,0.0,0.0,0.0,0.0,0.0,0.0,Real Betis,63.0,59.0,67.0,62.0,64.0,54.0,0,0.0,0.0,0.0,0.0,0.0,0.0,0,0.0,0.0,0.0,0.0,0.0,0.0
200,209750,Manchester City,56.0,58.0,53.0,59.0,55.0,63.0,0,0.0,0.0,0.0,0.0,0.0,0.0,Manchester City,61.0,61.0,60.0,60.0,64.0,59.0,0,0.0,0.0,0.0,0.0,0.0,0.0,0,0.0,0.0,0.0,0.0,0.0,0.0,0,0.0,0.0,0.0,0.0,0.0,0.0
201,215698,Paris Saint-Germain,56.0,64.0,48.0,55.0,57.0,52.0,LOSC Lille,60.0,65.0,59.0,61.0,58.0,56.0,LOSC Lille,67.0,69.0,65.0,69.0,65.0,63.0,LOSC Lille,72.0,72.0,72.0,73.0,68.0,68.0,LOSC Lille,75.0,75.0,76.0,76.0,72.0,72.0,LOSC Lille,80.0,78.0,78.0,83.0,77.0,78.0
202,216325,Manchester City,56.0,58.0,51.0,57.0,59.0,56.0,0,0.0,0.0,0.0,0.0,0.0,0.0,Manchester City,65.0,64.0,64.0,63.0,66.0,66.0,0,0.0,0.0,0.0,0.0,0.0,0.0,Southampton,71.0,70.0,67.0,75.0,71.0,69.0,Southampton,76.0,76.0,74.0,79.0,73.0,70.0
203,225432,Genoa,56.0,63.0,51.0,63.0,48.0,50.0,Genoa,57.0,64.0,52.0,64.0,49.0,51.0,0,0.0,0.0,0.0,0.0,0.0,0.0,0,0.0,0.0,0.0,0.0,0.0,0.0,0,0.0,0.0,0.0,0.0,0.0,0.0,0,0.0,0.0,0.0,0.0,0.0,0.0
204,225290,Inter,56.0,59.0,49.0,61.0,53.0,52.0,0,0.0,0.0,0.0,0.0,0.0,0.0,0,0.0,0.0,0.0,0.0,0.0,0.0,0,0.0,0.0,0.0,0.0,0.0,0.0,0,0.0,0.0,0.0,0.0,0.0,0.0,0,0.0,0.0,0.0,0.0,0.0,0.0
205,216518,Borussia Dortmund,56.0,58.0,62.0,55.0,50.0,51.0,Borussia Dortmund,61.0,63.0,65.0,62.0,55.0,58.0,Borussia Dortmund,62.0,63.0,65.0,62.0,55.0,58.0,0,0.0,0.0,0.0,0.0,0.0,0.0,0,0.0,0.0,0.0,0.0,0.0,0.0,0,0.0,0.0,0.0,0.0,0.0,0.0
206,222255,Arsenal,56.0,62.0,48.0,59.0,54.0,54.0,Arsenal,57.0,63.0,49.0,60.0,55.0,55.0,0,0.0,0.0,0.0,0.0,0.0,0.0,0,0.0,0.0,0.0,0.0,0.0,0.0,0,0.0,0.0,0.0,0.0,0.0,0.0,0,0.0,0.0,0.0,0.0,0.0,0.0
207,175603,Watford,56.0,66.0,51.0,60.0,50.0,53.0,Watford,57.0,67.0,52.0,61.0,51.0,54.0,Watford,59.0,67.0,54.0,61.0,54.0,54.0,0,0.0,0.0,0.0,0.0,0.0,0.0,0,0.0,0.0,0.0,0.0,0.0,0.0,0,0.0,0.0,0.0,0.0,0.0,0.0
208,224251,1. FSV Mainz 05,55.0,59.0,52.0,59.0,52.0,54.0,0,0.0,0.0,0.0,0.0,0.0,0.0,0,0.0,0.0,0.0,0.0,0.0,0.0,1. FSV Mainz 05,64.0,65.0,61.0,67.0,62.0,60.0,1. FSV Mainz 05,68.0,67.0,66.0,73.0,66.0,61.0,1. FSV Mainz 05,73.0,73.0,71.0,77.0,71.0,64.0
209,220532,Napoli,55.0,55.0,53.0,57.0,54.0,53.0,0,0.0,0.0,0.0,0.0,0.0,0.0,0,0.0,0.0,0.0,0.0,0.0,0.0,0,0.0,0.0,0.0,0.0,0.0,0.0,0,0.0,0.0,0.0,0.0,0.0,0.0,0,0.0,0.0,0.0,0.0,0.0,0.0
210,208214,Olympique Lyonnais,55.0,55.0,60.0,56.0,52.0,60.0,0,0.0,0.0,0.0,0.0,0.0,0.0,0,0.0,0.0,0.0,0.0,0.0,0.0,0,0.0,0.0,0.0,0.0,0.0,0.0,0,0.0,0.0,0.0,0.0,0.0,0.0,0,0.0,0.0,0.0,0.0,0.0,0.0
211,193665,Bournemouth,55.0,53.0,58.0,59.0,53.0,48.0,0,0.0,0.0,0.0,0.0,0.0,0.0,0,0.0,0.0,0.0,0.0,0.0,0.0,0,0.0,0.0,0.0,0.0,0.0,0.0,0,0.0,0.0,0.0,0.0,0.0,0.0,0,0.0,0.0,0.0,0.0,0.0,0.0
212,223872,FC Nantes,54.0,61.0,52.0,57.0,49.0,48.0,0,0.0,0.0,0.0,0.0,0.0,0.0,0,0.0,0.0,0.0,0.0,0.0,0.0,0,0.0,0.0,0.0,0.0,0.0,0.0,0,0.0,0.0,0.0,0.0,0.0,0.0,0,0.0,0.0,0.0,0.0,0.0,0.0
213,188943,0,0.0,0.0,0.0,0.0,0.0,0.0,Paris Saint-Germain,82.0,83.0,80.0,85.0,79.0,79.0,Paris Saint-Germain,83.0,83.0,80.0,85.0,79.0,79.0,Paris Saint-Germain,82.0,80.0,84.0,84.0,78.0,79.0,0,0.0,0.0,0.0,0.0,0.0,0.0,0,0.0,0.0,0.0,0.0,0.0,0.0
214,106573,0,0.0,0.0,0.0,0.0,0.0,0.0,Manchester United,82.0,82.0,85.0,83.0,78.0,77.0,0,0.0,0.0,0.0,0.0,0.0,0.0,0,0.0,0.0,0.0,0.0,0.0,0.0,0,0.0,0.0,0.0,0.0,0.0,0.0,0,0.0,0.0,0.0,0.0,0.0,0.0
215,172723,0,0.0,0.0,0.0,0.0,0.0,0.0,Chelsea,82.0,83.0,80.0,84.0,80.0,74.0,Chelsea,83.0,83.0,80.0,84.0,81.0,74.0,Bournemouth,82.0,81.0,79.0,82.0,81.0,73.0,Bournemouth,79.0,80.0,77.0,79.0,80.0,72.0,Bournemouth,75.0,76.0,74.0,75.0,74.0,72.0
216,189117,0,0.0,0.0,0.0,0.0,0.0,0.0,Borussia Dortmund,80.0,82.0,79.0,84.0,79.0,74.0,Borussia Dortmund,81.0,81.0,78.0,84.0,80.0,73.0,Borussia Dortmund,84.0,84.0,80.0,85.0,82.0,73.0,Borussia Dortmund,81.0,86.0,76.0,85.0,78.0,73.0,Borussia Dortmund,85.0,86.0,83.0,89.0,80.0,74.0
217,199005,0,0.0,0.0,0.0,0.0,0.0,0.0,Valencia CF,78.0,80.0,75.0,84.0,74.0,82.0,Valencia CF,79.0,82.0,78.0,80.0,73.0,82.0,0,0.0,0.0,0.0,0.0,0.0,0.0,0,0.0,0.0,0.0,0.0,0.0,0.0,0,0.0,0.0,0.0,0.0,0.0,0.0
218,186569,0,0.0,0.0,0.0,0.0,0.0,0.0,FC Bayern München,77.0,81.0,75.0,82.0,76.0,60.0,FC Bayern München,77.0,81.0,75.0,79.0,74.0,52.0,FC Bayern München,76.0,80.0,73.0,77.0,73.0,51.0,FC Bayern München,80.0,79.0,80.0,86.0,72.0,69.0,FC Bayern München,79.0,79.0,79.0,85.0,71.0,68.0
219,140293,0,0.0,0.0,0.0,0.0,0.0,0.0,Bologna,77.0,80.0,75.0,81.0,79.0,66.0,Bologna,81.0,82.0,78.0,82.0,84.0,64.0,Bologna,80.0,82.0,78.0,82.0,80.0,64.0,Roma,80.0,82.0,78.0,82.0,80.0,64.0,Roma,79.0,80.0,79.0,78.0,78.0,65.0
220,193105,0,0.0,0.0,0.0,0.0,0.0,0.0,Villarreal CF,76.0,77.0,72.0,80.0,74.0,71.0,Paris Saint-Germain,81.0,84.0,76.0,85.0,80.0,72.0,Paris Saint-Germain,79.0,81.0,74.0,83.0,77.0,70.0,Paris Saint-Germain,81.0,83.0,77.0,84.0,78.0,70.0,Paris Saint-Germain,82.0,85.0,78.0,84.0,79.0,80.0
221,189324,0,0.0,0.0,0.0,0.0,0.0,0.0,Crystal Palace,75.0,79.0,74.0,81.0,73.0,61.0,Southampton,76.0,78.0,74.0,81.0,73.0,61.0,Southampton,75.0,76.0,74.0,78.0,73.0,61.0,Southampton,77.0,78.0,77.0,81.0,76.0,64.0,Southampton,76.0,77.0,75.0,80.0,75.0,64.0
222,201931,0,0.0,0.0,0.0,0.0,0.0,0.0,Napoli,74.0,77.0,71.0,79.0,73.0,61.0,Milan,74.0,77.0,69.0,79.0,74.0,61.0,Milan,74.0,77.0,69.0,79.0,74.0,61.0,0,0.0,0.0,0.0,0.0,0.0,0.0,0,0.0,0.0,0.0,0.0,0.0,0.0
223,193786,0,0.0,0.0,0.0,0.0,0.0,0.0,RCD Espanyol,74.0,80.0,70.0,82.0,69.0,62.0,0,0.0,0.0,0.0,0.0,0.0,0.0,0,0.0,0.0,0.0,0.0,0.0,0.0,0,0.0,0.0,0.0,0.0,0.0,0.0,0,0.0,0.0,0.0,0.0,0.0,0.0
224,197439,0,0.0,0.0,0.0,0.0,0.0,0.0,SV Werder Bremen,74.0,75.0,74.0,78.0,71.0,67.0,SV Werder Bremen,76.0,77.0,74.0,79.0,69.0,67.0,0,0.0,0.0,0.0,0.0,0.0,0.0,0,0.0,0.0,0.0,0.0,0.0,0.0,0,0.0,0.0,0.0,0.0,0.0,0.0
225,191011,0,0.0,0.0,0.0,0.0,0.0,0.0,Fiorentina,73.0,73.0,71.0,79.0,71.0,61.0,Napoli,74.0,73.0,71.0,79.0,75.0,61.0,Napoli,74.0,73.0,71.0,79.0,75.0,61.0,0,0.0,0.0,0.0,0.0,0.0,0.0,0,0.0,0.0,0.0,0.0,0.0,0.0
226,177475,0,0.0,0.0,0.0,0.0,0.0,0.0,Borussia Mönchengladbach,73.0,75.0,68.0,78.0,69.0,72.0,Borussia Mönchengladbach,74.0,75.0,68.0,78.0,69.0,72.0,Borussia Mönchengladbach,73.0,75.0,68.0,77.0,69.0,72.0,Borussia Mönchengladbach,74.0,75.0,70.0,78.0,69.0,79.0,Borussia Mönchengladbach,74.0,75.0,70.0,78.0,69.0,79.0
227,107298,0,0.0,0.0,0.0,0.0,0.0,0.0,Olympique de Marseille,73.0,75.0,76.0,70.0,74.0,72.0,Olympique de Marseille,74.0,75.0,76.0,70.0,74.0,72.0,Olympique de Marseille,75.0,75.0,72.0,76.0,74.0,70.0,Olympique de Marseille,75.0,75.0,72.0,76.0,76.0,67.0,Olympique de Marseille,74.0,75.0,73.0,74.0,75.0,67.0
228,164853,0,0.0,0.0,0.0,0.0,0.0,0.0,Bournemouth,73.0,75.0,70.0,75.0,69.0,82.0,Bournemouth,73.0,73.0,70.0,73.0,69.0,78.0,Bournemouth,73.0,73.0,70.0,73.0,69.0,78.0,0,0.0,0.0,0.0,0.0,0.0,0.0,0,0.0,0.0,0.0,0.0,0.0,0.0
229,184585,0,0.0,0.0,0.0,0.0,0.0,0.0,Liverpool,73.0,77.0,71.0,78.0,71.0,66.0,0,0.0,0.0,0.0,0.0,0.0,0.0,Liverpool,70.0,71.0,69.0,72.0,68.0,66.0,0,0.0,0.0,0.0,0.0,0.0,0.0,0,0.0,0.0,0.0,0.0,0.0,0.0
230,206218,0,0.0,0.0,0.0,0.0,0.0,0.0,AS Monaco,72.0,79.0,64.0,74.0,67.0,63.0,Stade Rennais FC,72.0,76.0,64.0,72.0,67.0,63.0,0,0.0,0.0,0.0,0.0,0.0,0.0,0,0.0,0.0,0.0,0.0,0.0,0.0,0,0.0,0.0,0.0,0.0,0.0,0.0
231,169697,0,0.0,0.0,0.0,0.0,0.0,0.0,West Ham United,72.0,75.0,69.0,75.0,70.0,75.0,West Ham United,74.0,76.0,71.0,77.0,71.0,74.0,0,0.0,0.0,0.0,0.0,0.0,0.0,0,0.0,0.0,0.0,0.0,0.0,0.0,0,0.0,0.0,0.0,0.0,0.0,0.0
232,175897,0,0.0,0.0,0.0,0.0,0.0,0.0,Genoa,71.0,73.0,72.0,75.0,68.0,64.0,0,0.0,0.0,0.0,0.0,0.0,0.0,0,0.0,0.0,0.0,0.0,0.0,0.0,0,0.0,0.0,0.0,0.0,0.0,0.0,0,0.0,0.0,0.0,0.0,0.0,0.0
233,110974,0,0.0,0.0,0.0,0.0,0.0,0.0,SD Eibar,71.0,71.0,75.0,69.0,75.0,64.0,SD Eibar,74.0,76.0,77.0,70.0,78.0,64.0,SD Eibar,76.0,78.0,78.0,73.0,79.0,66.0,SD Eibar,73.0,74.0,73.0,70.0,76.0,66.0,0,0.0,0.0,0.0,0.0,0.0,0.0
234,227668,0,0.0,0.0,0.0,0.0,0.0,0.0,Torino,70.0,73.0,68.0,75.0,68.0,62.0,0,0.0,0.0,0.0,0.0,0.0,0.0,Torino,67.0,68.0,62.0,71.0,63.0,67.0,Torino,64.0,62.0,62.0,61.0,62.0,67.0,Torino,65.0,63.0,64.0,64.0,63.0,67.0
235,183141,0,0.0,0.0,0.0,0.0,0.0,0.0,Real Sociedad,70.0,73.0,75.0,65.0,67.0,76.0,0,0.0,0.0,0.0,0.0,0.0,0.0,0,0.0,0.0,0.0,0.0,0.0,0.0,0,0.0,0.0,0.0,0.0,0.0,0.0,0,0.0,0.0,0.0,0.0,0.0,0.0
236,152181,0,0.0,0.0,0.0,0.0,0.0,0.0,FC Schalke 04,70.0,69.0,70.0,74.0,70.0,68.0,0,0.0,0.0,0.0,0.0,0.0,0.0,0,0.0,0.0,0.0,0.0,0.0,0.0,0,0.0,0.0,0.0,0.0,0.0,0.0,0,0.0,0.0,0.0,0.0,0.0,0.0
237,159265,0,0.0,0.0,0.0,0.0,0.0,0.0,Sampdoria,70.0,73.0,68.0,75.0,69.0,59.0,Sampdoria,71.0,73.0,68.0,74.0,71.0,59.0,Sampdoria,71.0,73.0,68.0,74.0,71.0,59.0,0,0.0,0.0,0.0,0.0,0.0,0.0,0,0.0,0.0,0.0,0.0,0.0,0.0
238,178312,0,0.0,0.0,0.0,0.0,0.0,0.0,Atalanta,70.0,70.0,75.0,75.0,65.0,60.0,Atalanta,71.0,70.0,74.0,74.0,65.0,60.0,0,0.0,0.0,0.0,0.0,0.0,0.0,0,0.0,0.0,0.0,0.0,0.0,0.0,0,0.0,0.0,0.0,0.0,0.0,0.0
239,192297,0,0.0,0.0,0.0,0.0,0.0,0.0,Watford,70.0,70.0,72.0,77.0,64.0,70.0,Watford,69.0,70.0,62.0,77.0,64.0,70.0,0,0.0,0.0,0.0,0.0,0.0,0.0,0,0.0,0.0,0.0,0.0,0.0,0.0,0,0.0,0.0,0.0,0.0,0.0,0.0
240,210358,0,0.0,0.0,0.0,0.0,0.0,0.0,Sampdoria,68.0,70.0,67.0,77.0,63.0,56.0,0,0.0,0.0,0.0,0.0,0.0,0.0,0,0.0,0.0,0.0,0.0,0.0,0.0,0,0.0,0.0,0.0,0.0,0.0,0.0,0,0.0,0.0,0.0,0.0,0.0,0.0
241,193359,0,0.0,0.0,0.0,0.0,0.0,0.0,Udinese,68.0,65.0,69.0,73.0,63.0,61.0,0,0.0,0.0,0.0,0.0,0.0,0.0,0,0.0,0.0,0.0,0.0,0.0,0.0,0,0.0,0.0,0.0,0.0,0.0,0.0,0,0.0,0.0,0.0,0.0,0.0,0.0
242,197233,0,0.0,0.0,0.0,0.0,0.0,0.0,Stade Rennais FC,67.0,66.0,65.0,75.0,63.0,62.0,0,0.0,0.0,0.0,0.0,0.0,0.0,Stade Rennais FC,70.0,70.0,72.0,68.0,65.0,65.0,Stade Rennais FC,70.0,70.0,72.0,68.0,65.0,65.0,0,0.0,0.0,0.0,0.0,0.0,0.0
243,201179,0,0.0,0.0,0.0,0.0,0.0,0.0,Genoa,65.0,70.0,59.0,74.0,62.0,51.0,0,0.0,0.0,0.0,0.0,0.0,0.0,Milan,66.0,70.0,59.0,74.0,62.0,51.0,Milan,66.0,70.0,59.0,74.0,62.0,51.0,Milan,66.0,70.0,59.0,74.0,62.0,51.0
244,199812,0,0.0,0.0,0.0,0.0,0.0,0.0,Bournemouth,63.0,64.0,60.0,67.0,58.0,65.0,Bournemouth,64.0,64.0,60.0,67.0,58.0,65.0,0,0.0,0.0,0.0,0.0,0.0,0.0,0,0.0,0.0,0.0,0.0,0.0,0.0,0,0.0,0.0,0.0,0.0,0.0,0.0
245,221332,0,0.0,0.0,0.0,0.0,0.0,0.0,Lazio,62.0,65.0,62.0,68.0,60.0,56.0,0,0.0,0.0,0.0,0.0,0.0,0.0,Lazio,61.0,62.0,59.0,61.0,59.0,58.0,Lazio,61.0,62.0,59.0,61.0,59.0,58.0,Lazio,61.0,62.0,59.0,61.0,59.0,58.0
246,223509,0,0.0,0.0,0.0,0.0,0.0,0.0,Olympique Lyonnais,62.0,61.0,61.0,65.0,62.0,64.0,Olympique Lyonnais,63.0,61.0,61.0,65.0,62.0,64.0,Olympique Lyonnais,63.0,61.0,61.0,65.0,62.0,64.0,0,0.0,0.0,0.0,0.0,0.0,0.0,0,0.0,0.0,0.0,0.0,0.0,0.0
247,209770,0,0.0,0.0,0.0,0.0,0.0,0.0,RC Celta,62.0,71.0,53.0,67.0,57.0,60.0,0,0.0,0.0,0.0,0.0,0.0,0.0,0,0.0,0.0,0.0,0.0,0.0,0.0,0,0.0,0.0,0.0,0.0,0.0,0.0,0,0.0,0.0,0.0,0.0,0.0,0.0
248,202793,0,0.0,0.0,0.0,0.0,0.0,0.0,Lazio,62.0,62.0,64.0,66.0,60.0,56.0,0,0.0,0.0,0.0,0.0,0.0,0.0,0,0.0,0.0,0.0,0.0,0.0,0.0,0,0.0,0.0,0.0,0.0,0.0,0.0,0,0.0,0.0,0.0,0.0,0.0,0.0
249,227370,0,0.0,0.0,0.0,0.0,0.0,0.0,SV Werder Bremen,61.0,60.0,59.0,63.0,66.0,58.0,SV Werder Bremen,63.0,62.0,60.0,64.0,65.0,58.0,SV Werder Bremen,67.0,68.0,64.0,70.0,66.0,71.0,SV Werder Bremen,67.0,68.0,64.0,70.0,66.0,71.0,0,0.0,0.0,0.0,0.0,0.0,0.0
250,228221,0,0.0,0.0,0.0,0.0,0.0,0.0,Atlético Madrid,61.0,62.0,59.0,62.0,67.0,54.0,Atlético Madrid,64.0,62.0,60.0,64.0,69.0,54.0,0,0.0,0.0,0.0,0.0,0.0,0.0,0,0.0,0.0,0.0,0.0,0.0,0.0,0,0.0,0.0,0.0,0.0,0.0,0.0
251,223952,0,0.0,0.0,0.0,0.0,0.0,0.0,Sevilla FC,61.0,60.0,62.0,63.0,65.0,54.0,Sevilla FC,73.0,76.0,78.0,71.0,67.0,58.0,Sevilla FC,73.0,76.0,78.0,71.0,67.0,58.0,0,0.0,0.0,0.0,0.0,0.0,0.0,0,0.0,0.0,0.0,0.0,0.0,0.0
252,226656,0,0.0,0.0,0.0,0.0,0.0,0.0,Stade Rennais FC,60.0,65.0,55.0,70.0,55.0,55.0,Stade Rennais FC,61.0,65.0,55.0,70.0,55.0,55.0,Stade Rennais FC,63.0,67.0,57.0,71.0,57.0,56.0,Stade Rennais FC,63.0,67.0,57.0,71.0,57.0,56.0,0,0.0,0.0,0.0,0.0,0.0,0.0
253,230869,0,0.0,0.0,0.0,0.0,0.0,0.0,Athletic Club de Bilbao,60.0,65.0,51.0,68.0,60.0,58.0,Athletic Club de Bilbao,66.0,66.0,61.0,68.0,69.0,58.0,Athletic Club de Bilbao,67.0,70.0,61.0,68.0,69.0,62.0,Athletic Club de Bilbao,70.0,72.0,70.0,71.0,69.0,62.0,Athletic Club de Bilbao,73.0,72.0,74.0,72.0,73.0,64.0
254,230038,0,0.0,0.0,0.0,0.0,0.0,0.0,AS Saint-Étienne,59.0,66.0,55.0,66.0,55.0,55.0,AS Saint-Étienne,65.0,71.0,61.0,71.0,62.0,62.0,AS Saint-Étienne,66.0,70.0,64.0,68.0,66.0,62.0,0,0.0,0.0,0.0,0.0,0.0,0.0,0,0.0,0.0,0.0,0.0,0.0,0.0
255,228514,0,0.0,0.0,0.0,0.0,0.0,0.0,Sampdoria,59.0,59.0,57.0,66.0,57.0,55.0,0,0.0,0.0,0.0,0.0,0.0,0.0,0,0.0,0.0,0.0,0.0,0.0,0.0,0,0.0,0.0,0.0,0.0,0.0,0.0,0,0.0,0.0,0.0,0.0,0.0,0.0
256,204846,0,0.0,0.0,0.0,0.0,0.0,0.0,Chelsea,59.0,67.0,55.0,66.0,49.0,60.0,0,0.0,0.0,0.0,0.0,0.0,0.0,0,0.0,0.0,0.0,0.0,0.0,0.0,0,0.0,0.0,0.0,0.0,0.0,0.0,Chelsea,69.0,70.0,66.0,73.0,69.0,63.0
257,230159,0,0.0,0.0,0.0,0.0,0.0,0.0,FC Girondins de Bordeaux,59.0,61.0,55.0,63.0,57.0,62.0,0,0.0,0.0,0.0,0.0,0.0,0.0,0,0.0,0.0,0.0,0.0,0.0,0.0,0,0.0,0.0,0.0,0.0,0.0,0.0,0,0.0,0.0,0.0,0.0,0.0,0.0
258,211132,0,0.0,0.0,0.0,0.0,0.0,0.0,RCD Espanyol,59.0,54.0,65.0,59.0,63.0,53.0,RCD Espanyol,64.0,61.0,67.0,61.0,65.0,62.0,0,0.0,0.0,0.0,0.0,0.0,0.0,0,0.0,0.0,0.0,0.0,0.0,0.0,RCD Espanyol,67.0,65.0,69.0,68.0,67.0,66.0
259,225361,0,0.0,0.0,0.0,0.0,0.0,0.0,Tottenham Hotspur,58.0,67.0,50.0,65.0,51.0,56.0,0,0.0,0.0,0.0,0.0,0.0,0.0,0,0.0,0.0,0.0,0.0,0.0,0.0,0,0.0,0.0,0.0,0.0,0.0,0.0,0,0.0,0.0,0.0,0.0,0.0,0.0
260,229692,0,0.0,0.0,0.0,0.0,0.0,0.0,1. FSV Mainz 05,58.0,60.0,52.0,66.0,58.0,64.0,1. FSV Mainz 05,63.0,64.0,56.0,69.0,62.0,68.0,1. FSV Mainz 05,68.0,71.0,65.0,71.0,62.0,73.0,1. FSV Mainz 05,69.0,70.0,66.0,72.0,65.0,74.0,0,0.0,0.0,0.0,0.0,0.0,0.0
261,225710,0,0.0,0.0,0.0,0.0,0.0,0.0,AS Monaco,58.0,63.0,53.0,60.0,56.0,57.0,AS Monaco,59.0,63.0,53.0,60.0,56.0,57.0,AS Monaco,62.0,66.0,57.0,63.0,59.0,58.0,AS Monaco,66.0,68.0,65.0,65.0,65.0,68.0,AS Monaco,66.0,68.0,65.0,65.0,65.0,67.0
262,221130,0,0.0,0.0,0.0,0.0,0.0,0.0,OGC Nice,58.0,62.0,53.0,64.0,51.0,53.0,OGC Nice,75.0,72.0,75.0,76.0,76.0,72.0,OGC Nice,79.0,78.0,80.0,82.0,75.0,75.0,OGC Nice,75.0,76.0,73.0,78.0,72.0,75.0,OGC Nice,73.0,74.0,70.0,77.0,69.0,75.0
263,228616,0,0.0,0.0,0.0,0.0,0.0,0.0,Montpellier HSC,57.0,64.0,51.0,64.0,52.0,54.0,Montpellier HSC,60.0,65.0,53.0,65.0,56.0,55.0,Montpellier HSC,62.0,65.0,56.0,68.0,57.0,56.0,Montpellier HSC,64.0,67.0,59.0,70.0,60.0,58.0,Montpellier HSC,64.0,67.0,59.0,70.0,60.0,56.0
264,220833,0,0.0,0.0,0.0,0.0,0.0,0.0,OGC Nice,57.0,63.0,52.0,64.0,51.0,52.0,Angers SCO,60.0,64.0,54.0,70.0,52.0,52.0,Angers SCO,64.0,68.0,60.0,72.0,56.0,58.0,Angers SCO,64.0,68.0,60.0,72.0,56.0,58.0,Angers SCO,63.0,67.0,59.0,71.0,56.0,57.0
265,216413,0,0.0,0.0,0.0,0.0,0.0,0.0,SD Eibar,57.0,67.0,51.0,63.0,48.0,65.0,0,0.0,0.0,0.0,0.0,0.0,0.0,0,0.0,0.0,0.0,0.0,0.0,0.0,0,0.0,0.0,0.0,0.0,0.0,0.0,0,0.0,0.0,0.0,0.0,0.0,0.0
266,210347,0,0.0,0.0,0.0,0.0,0.0,0.0,FC Bayern München,55.0,57.0,59.0,57.0,44.0,50.0,0,0.0,0.0,0.0,0.0,0.0,0.0,0,0.0,0.0,0.0,0.0,0.0,0.0,0,0.0,0.0,0.0,0.0,0.0,0.0,0,0.0,0.0,0.0,0.0,0.0,0.0
267,223885,0,0.0,0.0,0.0,0.0,0.0,0.0,FC Schalke 04,54.0,54.0,53.0,55.0,53.0,51.0,FC Schalke 04,61.0,61.0,58.0,64.0,56.0,52.0,FC Schalke 04,64.0,64.0,61.0,68.0,58.0,63.0,FC Schalke 04,65.0,65.0,62.0,69.0,60.0,63.0,FC Schalke 04,75.0,75.0,74.0,81.0,69.0,77.0
268,194040,0,0.0,0.0,0.0,0.0,0.0,0.0,Bologna,54.0,55.0,50.0,65.0,45.0,50.0,0,0.0,0.0,0.0,0.0,0.0,0.0,0,0.0,0.0,0.0,0.0,0.0,0.0,0,0.0,0.0,0.0,0.0,0.0,0.0,0,0.0,0.0,0.0,0.0,0.0,0.0
269,219937,0,0.0,0.0,0.0,0.0,0.0,0.0,Hertha BSC,52.0,57.0,51.0,53.0,53.0,49.0,Hertha BSC,56.0,59.0,55.0,57.0,53.0,50.0,0,0.0,0.0,0.0,0.0,0.0,0.0,0,0.0,0.0,0.0,0.0,0.0,0.0,0,0.0,0.0,0.0,0.0,0.0,0.0
270,213407,0,0.0,0.0,0.0,0.0,0.0,0.0,Arsenal,51.0,53.0,49.0,53.0,49.0,46.0,Arsenal,52.0,53.0,49.0,53.0,49.0,46.0,0,0.0,0.0,0.0,0.0,0.0,0.0,0,0.0,0.0,0.0,0.0,0.0,0.0,Arsenal,66.0,63.0,64.0,68.0,66.0,67.0
271,228607,0,0.0,0.0,0.0,0.0,0.0,0.0,Borussia Dortmund,50.0,54.0,42.0,59.0,46.0,60.0,Borussia Dortmund,57.0,61.0,48.0,62.0,52.0,63.0,Borussia Dortmund,60.0,62.0,52.0,64.0,60.0,66.0,0,0.0,0.0,0.0,0.0,0.0,0.0,0,0.0,0.0,0.0,0.0,0.0,0.0
272,199987,0,0.0,0.0,0.0,0.0,0.0,0.0,0,0.0,0.0,0.0,0.0,0.0,0.0,FC Barcelona,81.0,79.0,81.0,77.0,83.0,74.0,FC Barcelona,81.0,79.0,81.0,77.0,83.0,74.0,FC Barcelona,81.0,79.0,81.0,77.0,83.0,74.0,Valencia CF,83.0,82.0,81.0,83.0,83.0,78.0
273,186148,0,0.0,0.0,0.0,0.0,0.0,0.0,0,0.0,0.0,0.0,0.0,0.0,0.0,Leicester City,81.0,78.0,81.0,82.0,82.0,66.0,0,0.0,0.0,0.0,0.0,0.0,0.0,0,0.0,0.0,0.0,0.0,0.0,0.0,0,0.0,0.0,0.0,0.0,0.0,0.0
274,212831,0,0.0,0.0,0.0,0.0,0.0,0.0,0,0.0,0.0,0.0,0.0,0.0,0.0,Roma,80.0,75.0,78.0,86.0,76.0,70.0,Roma,80.0,75.0,78.0,86.0,76.0,70.0,Liverpool,85.0,82.0,83.0,88.0,81.0,85.0,Liverpool,89.0,85.0,90.0,89.0,84.0,85.0
275,183666,0,0.0,0.0,0.0,0.0,0.0,0.0,0,0.0,0.0,0.0,0.0,0.0,0.0,RCD Espanyol,80.0,81.0,79.0,83.0,73.0,74.0,0,0.0,0.0,0.0,0.0,0.0,0.0,RCD Espanyol,77.0,78.0,76.0,80.0,71.0,75.0,West Ham United,77.0,80.0,74.0,82.0,70.0,73.0
276,172553,0,0.0,0.0,0.0,0.0,0.0,0.0,0,0.0,0.0,0.0,0.0,0.0,0.0,1. FSV Mainz 05,77.0,79.0,78.0,79.0,70.0,71.0,0,0.0,0.0,0.0,0.0,0.0,0.0,0,0.0,0.0,0.0,0.0,0.0,0.0,Everton,75.0,74.0,74.0,77.0,76.0,67.0
277,150278,0,0.0,0.0,0.0,0.0,0.0,0.0,0,0.0,0.0,0.0,0.0,0.0,0.0,SV Werder Bremen,77.0,76.0,80.0,76.0,79.0,50.0,SV Werder Bremen,74.0,73.0,76.0,74.0,77.0,45.0,SV Werder Bremen,73.0,73.0,74.0,74.0,74.0,45.0,0,0.0,0.0,0.0,0.0,0.0,0.0
278,192613,0,0.0,0.0,0.0,0.0,0.0,0.0,0,0.0,0.0,0.0,0.0,0.0,0.0,Watford,77.0,74.0,79.0,78.0,77.0,68.0,0,0.0,0.0,0.0,0.0,0.0,0.0,0,0.0,0.0,0.0,0.0,0.0,0.0,0,0.0,0.0,0.0,0.0,0.0,0.0
279,230621,0,0.0,0.0,0.0,0.0,0.0,0.0,0,0.0,0.0,0.0,0.0,0.0,0.0,Milan,76.0,78.0,70.0,84.0,72.0,72.0,Milan,82.0,88.0,78.0,88.0,78.0,72.0,Milan,82.0,88.0,78.0,88.0,78.0,72.0,Milan,85.0,90.0,80.0,90.0,80.0,74.0
280,146296,0,0.0,0.0,0.0,0.0,0.0,0.0,0,0.0,0.0,0.0,0.0,0.0,0.0,Villarreal CF,76.0,80.0,72.0,79.0,71.0,68.0,Villarreal CF,76.0,80.0,72.0,79.0,71.0,68.0,Villarreal CF,76.0,80.0,72.0,79.0,71.0,68.0,Villarreal CF,78.0,80.0,76.0,79.0,75.0,68.0
281,163873,0,0.0,0.0,0.0,0.0,0.0,0.0,0,0.0,0.0,0.0,0.0,0.0,0.0,Chelsea,76.0,75.0,78.0,76.0,74.0,71.0,Chelsea,75.0,75.0,78.0,75.0,74.0,71.0,0,0.0,0.0,0.0,0.0,0.0,0.0,0,0.0,0.0,0.0,0.0,0.0,0.0
282,152211,0,0.0,0.0,0.0,0.0,0.0,0.0,0,0.0,0.0,0.0,0.0,0.0,0.0,Bayer 04 Leverkusen,75.0,73.0,76.0,75.0,71.0,71.0,Bayer 04 Leverkusen,75.0,73.0,76.0,75.0,71.0,71.0,Bayer 04 Leverkusen,75.0,73.0,76.0,75.0,71.0,71.0,Bayer 04 Leverkusen,75.0,73.0,76.0,75.0,71.0,71.0
283,209423,0,0.0,0.0,0.0,0.0,0.0,0.0,0,0.0,0.0,0.0,0.0,0.0,0.0,Angers SCO,73.0,74.0,72.0,75.0,71.0,67.0,Angers SCO,73.0,74.0,72.0,75.0,71.0,67.0,0,0.0,0.0,0.0,0.0,0.0,0.0,0,0.0,0.0,0.0,0.0,0.0,0.0
284,201976,0,0.0,0.0,0.0,0.0,0.0,0.0,0,0.0,0.0,0.0,0.0,0.0,0.0,Bologna,72.0,75.0,73.0,73.0,71.0,64.0,0,0.0,0.0,0.0,0.0,0.0,0.0,0,0.0,0.0,0.0,0.0,0.0,0.0,0,0.0,0.0,0.0,0.0,0.0,0.0
285,184781,0,0.0,0.0,0.0,0.0,0.0,0.0,0,0.0,0.0,0.0,0.0,0.0,0.0,Angers SCO,72.0,71.0,76.0,74.0,67.0,56.0,0,0.0,0.0,0.0,0.0,0.0,0.0,0,0.0,0.0,0.0,0.0,0.0,0.0,FC Nantes,69.0,70.0,71.0,72.0,62.0,59.0
286,215502,0,0.0,0.0,0.0,0.0,0.0,0.0,0,0.0,0.0,0.0,0.0,0.0,0.0,Fiorentina,71.0,68.0,71.0,74.0,68.0,70.0,Fiorentina,71.0,68.0,71.0,74.0,68.0,70.0,Fiorentina,71.0,68.0,71.0,74.0,68.0,70.0,Fiorentina,73.0,71.0,72.0,76.0,69.0,70.0
287,192665,0,0.0,0.0,0.0,0.0,0.0,0.0,0,0.0,0.0,0.0,0.0,0.0,0.0,FC Augsburg,71.0,74.0,71.0,74.0,66.0,60.0,FC Augsburg,71.0,74.0,71.0,74.0,66.0,61.0,FC Augsburg,72.0,75.0,72.0,75.0,67.0,61.0,FC Augsburg,72.0,74.0,73.0,76.0,68.0,61.0
288,224953,0,0.0,0.0,0.0,0.0,0.0,0.0,0,0.0,0.0,0.0,0.0,0.0,0.0,Atlético Madrid,70.0,65.0,65.0,73.0,76.0,68.0,0,0.0,0.0,0.0,0.0,0.0,0.0,0,0.0,0.0,0.0,0.0,0.0,0.0,0,0.0,0.0,0.0,0.0,0.0,0.0
289,215223,0,0.0,0.0,0.0,0.0,0.0,0.0,0,0.0,0.0,0.0,0.0,0.0,0.0,OGC Nice,70.0,70.0,68.0,72.0,68.0,65.0,OGC Nice,71.0,71.0,70.0,74.0,69.0,65.0,OGC Nice,76.0,75.0,77.0,79.0,77.0,68.0,OGC Nice,80.0,79.0,79.0,82.0,79.0,74.0
290,220709,0,0.0,0.0,0.0,0.0,0.0,0.0,0,0.0,0.0,0.0,0.0,0.0,0.0,Lazio,69.0,68.0,69.0,72.0,67.0,65.0,Lazio,69.0,68.0,69.0,72.0,67.0,65.0,0,0.0,0.0,0.0,0.0,0.0,0.0,Lazio,69.0,68.0,69.0,72.0,67.0,65.0
291,223898,0,0.0,0.0,0.0,0.0,0.0,0.0,0,0.0,0.0,0.0,0.0,0.0,0.0,FC Girondins de Bordeaux,68.0,70.0,68.0,71.0,68.0,67.0,0,0.0,0.0,0.0,0.0,0.0,0.0,0,0.0,0.0,0.0,0.0,0.0,0.0,0,0.0,0.0,0.0,0.0,0.0,0.0
292,190361,0,0.0,0.0,0.0,0.0,0.0,0.0,0,0.0,0.0,0.0,0.0,0.0,0.0,Real Sociedad,68.0,64.0,68.0,69.0,71.0,52.0,Real Sociedad,70.0,69.0,69.0,70.0,72.0,63.0,0,0.0,0.0,0.0,0.0,0.0,0.0,0,0.0,0.0,0.0,0.0,0.0,0.0
293,50723,0,0.0,0.0,0.0,0.0,0.0,0.0,0,0.0,0.0,0.0,0.0,0.0,0.0,Southampton,68.0,64.0,65.0,69.0,72.0,63.0,Southampton,66.0,67.0,65.0,63.0,64.0,63.0,0,0.0,0.0,0.0,0.0,0.0,0.0,0,0.0,0.0,0.0,0.0,0.0,0.0
294,228413,0,0.0,0.0,0.0,0.0,0.0,0.0,0,0.0,0.0,0.0,0.0,0.0,0.0,Juventus,67.0,72.0,60.0,76.0,64.0,60.0,0,0.0,0.0,0.0,0.0,0.0,0.0,Sampdoria,69.0,74.0,65.0,77.0,66.0,63.0,Sampdoria,77.0,80.0,74.0,80.0,73.0,73.0
295,235590,0,0.0,0.0,0.0,0.0,0.0,0.0,0,0.0,0.0,0.0,0.0,0.0,0.0,Real Sociedad,67.0,64.0,68.0,63.0,73.0,59.0,Real Sociedad,66.0,63.0,67.0,63.0,71.0,64.0,Real Sociedad,66.0,63.0,67.0,63.0,71.0,64.0,0,0.0,0.0,0.0,0.0,0.0,0.0
296,235582,0,0.0,0.0,0.0,0.0,0.0,0.0,0,0.0,0.0,0.0,0.0,0.0,0.0,AS Monaco,66.0,67.0,66.0,68.0,66.0,64.0,AS Monaco,66.0,68.0,67.0,68.0,66.0,65.0,AS Monaco,66.0,67.0,65.0,67.0,65.0,65.0,0,0.0,0.0,0.0,0.0,0.0,0.0
297,212973,0,0.0,0.0,0.0,0.0,0.0,0.0,0,0.0,0.0,0.0,0.0,0.0,0.0,TSG 1899 Hoffenheim,66.0,72.0,67.0,70.0,62.0,66.0,0,0.0,0.0,0.0,0.0,0.0,0.0,0,0.0,0.0,0.0,0.0,0.0,0.0,0,0.0,0.0,0.0,0.0,0.0,0.0
298,224010,0,0.0,0.0,0.0,0.0,0.0,0.0,0,0.0,0.0,0.0,0.0,0.0,0.0,FC Barcelona,66.0,67.0,65.0,67.0,63.0,70.0,0,0.0,0.0,0.0,0.0,0.0,0.0,0,0.0,0.0,0.0,0.0,0.0,0.0,0,0.0,0.0,0.0,0.0,0.0,0.0
299,205554,0,0.0,0.0,0.0,0.0,0.0,0.0,0,0.0,0.0,0.0,0.0,0.0,0.0,Genoa,64.0,68.0,61.0,64.0,59.0,63.0,Genoa,64.0,68.0,61.0,64.0,59.0,63.0,0,0.0,0.0,0.0,0.0,0.0,0.0,0,0.0,0.0,0.0,0.0,0.0,0.0
300,219637,0,0.0,0.0,0.0,0.0,0.0,0.0,0,0.0,0.0,0.0,0.0,0.0,0.0,Villarreal CF,63.0,53.0,68.0,64.0,69.0,59.0,Villarreal CF,63.0,53.0,68.0,64.0,69.0,59.0,0,0.0,0.0,0.0,0.0,0.0,0.0,0,0.0,0.0,0.0,0.0,0.0,0.0
301,234371,0,0.0,0.0,0.0,0.0,0.0,0.0,0,0.0,0.0,0.0,0.0,0.0,0.0,Paris Saint-Germain,63.0,64.0,65.0,60.0,61.0,59.0,Paris Saint-Germain,63.0,64.0,65.0,60.0,61.0,59.0,0,0.0,0.0,0.0,0.0,0.0,0.0,0,0.0,0.0,0.0,0.0,0.0,0.0
302,227966,0,0.0,0.0,0.0,0.0,0.0,0.0,0,0.0,0.0,0.0,0.0,0.0,0.0,Bologna,62.0,65.0,55.0,70.0,60.0,55.0,0,0.0,0.0,0.0,0.0,0.0,0.0,0,0.0,0.0,0.0,0.0,0.0,0.0,Bologna,62.0,65.0,55.0,70.0,60.0,55.0
303,235840,0,0.0,0.0,0.0,0.0,0.0,0.0,0,0.0,0.0,0.0,0.0,0.0,0.0,Inter,61.0,66.0,52.0,69.0,65.0,46.0,0,0.0,0.0,0.0,0.0,0.0,0.0,0,0.0,0.0,0.0,0.0,0.0,0.0,0,0.0,0.0,0.0,0.0,0.0,0.0
304,204437,0,0.0,0.0,0.0,0.0,0.0,0.0,0,0.0,0.0,0.0,0.0,0.0,0.0,Sampdoria,61.0,64.0,60.0,61.0,59.0,68.0,Sampdoria,61.0,64.0,60.0,61.0,59.0,68.0,0,0.0,0.0,0.0,0.0,0.0,0.0,0,0.0,0.0,0.0,0.0,0.0,0.0
305,230858,0,0.0,0.0,0.0,0.0,0.0,0.0,0,0.0,0.0,0.0,0.0,0.0,0.0,Udinese,60.0,68.0,54.0,63.0,54.0,55.0,0,0.0,0.0,0.0,0.0,0.0,0.0,0,0.0,0.0,0.0,0.0,0.0,0.0,Udinese,63.0,68.0,58.0,65.0,59.0,56.0
306,236028,0,0.0,0.0,0.0,0.0,0.0,0.0,0,0.0,0.0,0.0,0.0,0.0,0.0,Sevilla FC,60.0,67.0,58.0,59.0,57.0,56.0,Sevilla FC,60.0,67.0,58.0,59.0,57.0,56.0,0,0.0,0.0,0.0,0.0,0.0,0.0,Sevilla FC,65.0,67.0,63.0,68.0,61.0,65.0
307,231105,0,0.0,0.0,0.0,0.0,0.0,0.0,0,0.0,0.0,0.0,0.0,0.0,0.0,FC Nantes,60.0,64.0,51.0,65.0,59.0,55.0,FC Nantes,62.0,65.0,58.0,65.0,61.0,58.0,FC Nantes,63.0,66.0,59.0,66.0,62.0,59.0,FC Nantes,66.0,68.0,63.0,69.0,65.0,64.0
308,234833,0,0.0,0.0,0.0,0.0,0.0,0.0,0,0.0,0.0,0.0,0.0,0.0,0.0,1. FSV Mainz 05,59.0,58.0,57.0,62.0,58.0,61.0,1. FSV Mainz 05,63.0,63.0,62.0,65.0,61.0,61.0,1. FSV Mainz 05,67.0,67.0,66.0,69.0,65.0,65.0,1. FSV Mainz 05,75.0,75.0,73.0,79.0,72.0,71.0
309,234102,0,0.0,0.0,0.0,0.0,0.0,0.0,0,0.0,0.0,0.0,0.0,0.0,0.0,Inter,59.0,60.0,58.0,64.0,56.0,54.0,0,0.0,0.0,0.0,0.0,0.0,0.0,Genoa,67.0,71.0,64.0,72.0,63.0,66.0,Genoa,75.0,79.0,74.0,80.0,69.0,72.0
310,231720,0,0.0,0.0,0.0,0.0,0.0,0.0,0,0.0,0.0,0.0,0.0,0.0,0.0,FC Nantes,59.0,62.0,56.0,62.0,60.0,59.0,FC Nantes,63.0,68.0,59.0,66.0,63.0,61.0,FC Nantes,65.0,69.0,61.0,68.0,66.0,62.0,0,0.0,0.0,0.0,0.0,0.0,0.0
311,235990,0,0.0,0.0,0.0,0.0,0.0,0.0,0,0.0,0.0,0.0,0.0,0.0,0.0,SD Eibar,58.0,60.0,55.0,52.0,63.0,56.0,0,0.0,0.0,0.0,0.0,0.0,0.0,SD Eibar,65.0,64.0,65.0,67.0,65.0,62.0,0,0.0,0.0,0.0,0.0,0.0,0.0
312,232410,0,0.0,0.0,0.0,0.0,0.0,0.0,0,0.0,0.0,0.0,0.0,0.0,0.0,Olympique de Marseille,57.0,62.0,56.0,57.0,55.0,55.0,Olympique de Marseille,60.0,64.0,61.0,58.0,59.0,60.0,Olympique de Marseille,61.0,68.0,61.0,58.0,62.0,58.0,0,0.0,0.0,0.0,0.0,0.0,0.0
313,225543,0,0.0,0.0,0.0,0.0,0.0,0.0,0,0.0,0.0,0.0,0.0,0.0,0.0,Chelsea,57.0,60.0,49.0,63.0,53.0,56.0,0,0.0,0.0,0.0,0.0,0.0,0.0,0,0.0,0.0,0.0,0.0,0.0,0.0,0,0.0,0.0,0.0,0.0,0.0,0.0
314,228410,0,0.0,0.0,0.0,0.0,0.0,0.0,0,0.0,0.0,0.0,0.0,0.0,0.0,Leicester City,56.0,62.0,50.0,58.0,50.0,59.0,Leicester City,62.0,67.0,59.0,61.0,61.0,62.0,0,0.0,0.0,0.0,0.0,0.0,0.0,0,0.0,0.0,0.0,0.0,0.0,0.0
315,231172,0,0.0,0.0,0.0,0.0,0.0,0.0,0,0.0,0.0,0.0,0.0,0.0,0.0,Bournemouth,54.0,51.0,55.0,52.0,54.0,56.0,Bournemouth,55.0,53.0,55.0,54.0,54.0,56.0,0,0.0,0.0,0.0,0.0,0.0,0.0,0,0.0,0.0,0.0,0.0,0.0,0.0
316,235073,0,0.0,0.0,0.0,0.0,0.0,0.0,0,0.0,0.0,0.0,0.0,0.0,0.0,TSG 1899 Hoffenheim,54.0,58.0,51.0,55.0,56.0,48.0,TSG 1899 Hoffenheim,65.0,68.0,63.0,66.0,64.0,55.0,TSG 1899 Hoffenheim,66.0,70.0,63.0,68.0,64.0,55.0,0,0.0,0.0,0.0,0.0,0.0,0.0
317,226902,0,0.0,0.0,0.0,0.0,0.0,0.0,0,0.0,0.0,0.0,0.0,0.0,0.0,Bournemouth,54.0,60.0,44.0,63.0,47.0,50.0,Bournemouth,54.0,60.0,44.0,63.0,47.0,50.0,0,0.0,0.0,0.0,0.0,0.0,0.0,0,0.0,0.0,0.0,0.0,0.0,0.0
318,234400,0,0.0,0.0,0.0,0.0,0.0,0.0,0,0.0,0.0,0.0,0.0,0.0,0.0,Olympique Lyonnais,54.0,54.0,59.0,56.0,52.0,54.0,Olympique Lyonnais,56.0,59.0,60.0,60.0,54.0,54.0,0,0.0,0.0,0.0,0.0,0.0,0.0,0,0.0,0.0,0.0,0.0,0.0,0.0
319,235195,0,0.0,0.0,0.0,0.0,0.0,0.0,0,0.0,0.0,0.0,0.0,0.0,0.0,Sampdoria,54.0,55.0,55.0,56.0,53.0,54.0,Sampdoria,54.0,55.0,55.0,56.0,53.0,54.0,0,0.0,0.0,0.0,0.0,0.0,0.0,0,0.0,0.0,0.0,0.0,0.0,0.0
320,235936,0,0.0,0.0,0.0,0.0,0.0,0.0,0,0.0,0.0,0.0,0.0,0.0,0.0,Genoa,52.0,54.0,49.0,52.0,57.0,45.0,0,0.0,0.0,0.0,0.0,0.0,0.0,0,0.0,0.0,0.0,0.0,0.0,0.0,0,0.0,0.0,0.0,0.0,0.0,0.0
321,235018,0,0.0,0.0,0.0,0.0,0.0,0.0,0,0.0,0.0,0.0,0.0,0.0,0.0,Borussia Mönchengladbach,52.0,55.0,46.0,49.0,53.0,50.0,Borussia Mönchengladbach,56.0,61.0,49.0,53.0,57.0,54.0,Borussia Mönchengladbach,62.0,66.0,57.0,63.0,62.0,59.0,0,0.0,0.0,0.0,0.0,0.0,0.0
322,231657,0,0.0,0.0,0.0,0.0,0.0,0.0,0,0.0,0.0,0.0,0.0,0.0,0.0,Tottenham Hotspur,52.0,55.0,44.0,54.0,53.0,58.0,0,0.0,0.0,0.0,0.0,0.0,0.0,0,0.0,0.0,0.0,0.0,0.0,0.0,0,0.0,0.0,0.0,0.0,0.0,0.0
323,235806,0,0.0,0.0,0.0,0.0,0.0,0.0,0,0.0,0.0,0.0,0.0,0.0,0.0,Fiorentina,50.0,48.0,54.0,50.0,53.0,46.0,0,0.0,0.0,0.0,0.0,0.0,0.0,Sassuolo,55.0,51.0,56.0,56.0,55.0,48.0,0,0.0,0.0,0.0,0.0,0.0,0.0
324,210257,0,0.0,0.0,0.0,0.0,0.0,0.0,0,0.0,0.0,0.0,0.0,0.0,0.0,0,0.0,0.0,0.0,0.0,0.0,0.0,Manchester City,83.0,81.0,78.0,87.0,76.0,82.0,Manchester City,86.0,85.0,82.0,87.0,80.0,90.0,Manchester City,88.0,86.0,86.0,88.0,82.0,93.0
325,121933,0,0.0,0.0,0.0,0.0,0.0,0.0,0,0.0,0.0,0.0,0.0,0.0,0.0,0,0.0,0.0,0.0,0.0,0.0,0.0,1. FSV Mainz 05,79.0,78.0,80.0,80.0,77.0,70.0,1. FSV Mainz 05,79.0,78.0,81.0,79.0,77.0,70.0,0,0.0,0.0,0.0,0.0,0.0,0.0
326,200726,0,0.0,0.0,0.0,0.0,0.0,0.0,0,0.0,0.0,0.0,0.0,0.0,0.0,0,0.0,0.0,0.0,0.0,0.0,0.0,Montpellier HSC,78.0,78.0,76.0,80.0,74.0,79.0,Montpellier HSC,81.0,81.0,81.0,82.0,76.0,79.0,AS Monaco,82.0,82.0,81.0,83.0,78.0,78.0
327,204935,0,0.0,0.0,0.0,0.0,0.0,0.0,0,0.0,0.0,0.0,0.0,0.0,0.0,0,0.0,0.0,0.0,0.0,0.0,0.0,Everton,77.0,77.0,73.0,82.0,76.0,85.0,Everton,83.0,83.0,80.0,86.0,77.0,88.0,Everton,83.0,82.0,82.0,86.0,78.0,87.0
328,14907,0,0.0,0.0,0.0,0.0,0.0,0.0,0,0.0,0.0,0.0,0.0,0.0,0.0,0,0.0,0.0,0.0,0.0,0.0,0.0,Udinese,75.0,74.0,79.0,72.0,76.0,67.0,0,0.0,0.0,0.0,0.0,0.0,0.0,0,0.0,0.0,0.0,0.0,0.0,0.0
329,236583,0,0.0,0.0,0.0,0.0,0.0,0.0,0,0.0,0.0,0.0,0.0,0.0,0.0,0,0.0,0.0,0.0,0.0,0.0,0.0,SV Werder Bremen,74.0,73.0,74.0,77.0,72.0,67.0,SV Werder Bremen,82.0,85.0,78.0,85.0,78.0,68.0,SV Werder Bremen,84.0,86.0,80.0,88.0,79.0,70.0
330,227290,0,0.0,0.0,0.0,0.0,0.0,0.0,0,0.0,0.0,0.0,0.0,0.0,0.0,0,0.0,0.0,0.0,0.0,0.0,0.0,SD Eibar,74.0,68.0,77.0,73.0,78.0,77.0,SD Eibar,79.0,74.0,81.0,79.0,79.0,78.0,SD Eibar,80.0,76.0,81.0,81.0,79.0,78.0
331,52326,0,0.0,0.0,0.0,0.0,0.0,0.0,0,0.0,0.0,0.0,0.0,0.0,0.0,0,0.0,0.0,0.0,0.0,0.0,0.0,Leicester City,72.0,73.0,71.0,77.0,70.0,69.0,Leicester City,73.0,74.0,74.0,75.0,70.0,70.0,Leicester City,68.0,69.0,69.0,66.0,68.0,66.0
332,212710,0,0.0,0.0,0.0,0.0,0.0,0.0,0,0.0,0.0,0.0,0.0,0.0,0.0,0,0.0,0.0,0.0,0.0,0.0,0.0,Manchester United,71.0,69.0,68.0,72.0,74.0,63.0,0,0.0,0.0,0.0,0.0,0.0,0.0,0,0.0,0.0,0.0,0.0,0.0,0.0
333,204966,0,0.0,0.0,0.0,0.0,0.0,0.0,0,0.0,0.0,0.0,0.0,0.0,0.0,0,0.0,0.0,0.0,0.0,0.0,0.0,FC Barcelona,70.0,73.0,69.0,68.0,67.0,73.0,0,0.0,0.0,0.0,0.0,0.0,0.0,0,0.0,0.0,0.0,0.0,0.0,0.0
334,211515,0,0.0,0.0,0.0,0.0,0.0,0.0,0,0.0,0.0,0.0,0.0,0.0,0.0,0,0.0,0.0,0.0,0.0,0.0,0.0,Atalanta,70.0,73.0,70.0,76.0,59.0,60.0,Atalanta,70.0,73.0,70.0,76.0,59.0,60.0,Atalanta,76.0,77.0,76.0,78.0,72.0,67.0
335,107084,0,0.0,0.0,0.0,0.0,0.0,0.0,0,0.0,0.0,0.0,0.0,0.0,0.0,0,0.0,0.0,0.0,0.0,0.0,0.0,FC Schalke 04,70.0,70.0,73.0,73.0,66.0,60.0,FC Schalke 04,65.0,64.0,67.0,65.0,62.0,60.0,FC Schalke 04,65.0,64.0,67.0,65.0,62.0,60.0
336,215213,0,0.0,0.0,0.0,0.0,0.0,0.0,0,0.0,0.0,0.0,0.0,0.0,0.0,0,0.0,0.0,0.0,0.0,0.0,0.0,Atlético Madrid,69.0,78.0,64.0,70.0,67.0,74.0,0,0.0,0.0,0.0,0.0,0.0,0.0,0,0.0,0.0,0.0,0.0,0.0,0.0
337,224836,0,0.0,0.0,0.0,0.0,0.0,0.0,0,0.0,0.0,0.0,0.0,0.0,0.0,0,0.0,0.0,0.0,0.0,0.0,0.0,Torino,69.0,70.0,67.0,68.0,65.0,71.0,0,0.0,0.0,0.0,0.0,0.0,0.0,0,0.0,0.0,0.0,0.0,0.0,0.0
338,195356,0,0.0,0.0,0.0,0.0,0.0,0.0,0,0.0,0.0,0.0,0.0,0.0,0.0,0,0.0,0.0,0.0,0.0,0.0,0.0,Chelsea,69.0,71.0,64.0,73.0,67.0,64.0,0,0.0,0.0,0.0,0.0,0.0,0.0,0,0.0,0.0,0.0,0.0,0.0,0.0
339,171146,0,0.0,0.0,0.0,0.0,0.0,0.0,0,0.0,0.0,0.0,0.0,0.0,0.0,0,0.0,0.0,0.0,0.0,0.0,0.0,Stade Rennais FC,69.0,70.0,61.0,78.0,62.0,63.0,0,0.0,0.0,0.0,0.0,0.0,0.0,0,0.0,0.0,0.0,0.0,0.0,0.0
340,189342,0,0.0,0.0,0.0,0.0,0.0,0.0,0,0.0,0.0,0.0,0.0,0.0,0.0,0,0.0,0.0,0.0,0.0,0.0,0.0,Juventus,69.0,75.0,64.0,75.0,65.0,54.0,Juventus,72.0,74.0,74.0,76.0,70.0,58.0,Juventus,72.0,74.0,74.0,76.0,70.0,58.0
341,200332,0,0.0,0.0,0.0,0.0,0.0,0.0,0,0.0,0.0,0.0,0.0,0.0,0.0,0,0.0,0.0,0.0,0.0,0.0,0.0,Stade Rennais FC,68.0,69.0,70.0,64.0,67.0,63.0,Stade Rennais FC,78.0,78.0,77.0,79.0,76.0,71.0,FC Augsburg,77.0,78.0,75.0,78.0,77.0,72.0
342,239342,0,0.0,0.0,0.0,0.0,0.0,0.0,0,0.0,0.0,0.0,0.0,0.0,0.0,0,0.0,0.0,0.0,0.0,0.0,0.0,LOSC Lille,66.0,69.0,63.0,70.0,59.0,62.0,LOSC Lille,66.0,69.0,63.0,70.0,59.0,62.0,0,0.0,0.0,0.0,0.0,0.0,0.0
343,235266,0,0.0,0.0,0.0,0.0,0.0,0.0,0,0.0,0.0,0.0,0.0,0.0,0.0,0,0.0,0.0,0.0,0.0,0.0,0.0,FC Bayern München,65.0,68.0,64.0,68.0,65.0,66.0,FC Bayern München,65.0,68.0,64.0,68.0,65.0,66.0,0,0.0,0.0,0.0,0.0,0.0,0.0
344,205871,0,0.0,0.0,0.0,0.0,0.0,0.0,0,0.0,0.0,0.0,0.0,0.0,0.0,0,0.0,0.0,0.0,0.0,0.0,0.0,RC Celta,65.0,72.0,51.0,73.0,62.0,67.0,0,0.0,0.0,0.0,0.0,0.0,0.0,0,0.0,0.0,0.0,0.0,0.0,0.0
345,240781,0,0.0,0.0,0.0,0.0,0.0,0.0,0,0.0,0.0,0.0,0.0,0.0,0.0,0,0.0,0.0,0.0,0.0,0.0,0.0,RCD Espanyol,64.0,64.0,62.0,66.0,66.0,61.0,RCD Espanyol,64.0,64.0,62.0,66.0,66.0,61.0,0,0.0,0.0,0.0,0.0,0.0,0.0
346,241013,0,0.0,0.0,0.0,0.0,0.0,0.0,0,0.0,0.0,0.0,0.0,0.0,0.0,0,0.0,0.0,0.0,0.0,0.0,0.0,RCD Espanyol,64.0,60.0,67.0,69.0,61.0,63.0,0,0.0,0.0,0.0,0.0,0.0,0.0,RCD Espanyol,64.0,62.0,66.0,68.0,60.0,62.0
347,240371,0,0.0,0.0,0.0,0.0,0.0,0.0,0,0.0,0.0,0.0,0.0,0.0,0.0,0,0.0,0.0,0.0,0.0,0.0,0.0,LOSC Lille,64.0,63.0,61.0,66.0,62.0,64.0,LOSC Lille,64.0,63.0,61.0,66.0,62.0,64.0,LOSC Lille,64.0,64.0,62.0,66.0,62.0,63.0
348,240311,0,0.0,0.0,0.0,0.0,0.0,0.0,0,0.0,0.0,0.0,0.0,0.0,0.0,0,0.0,0.0,0.0,0.0,0.0,0.0,Real Madrid,64.0,66.0,63.0,62.0,64.0,62.0,Real Madrid,63.0,65.0,62.0,61.0,63.0,61.0,0,0.0,0.0,0.0,0.0,0.0,0.0
349,233164,0,0.0,0.0,0.0,0.0,0.0,0.0,0,0.0,0.0,0.0,0.0,0.0,0.0,0,0.0,0.0,0.0,0.0,0.0,0.0,Manchester City,63.0,63.0,62.0,65.0,61.0,60.0,Manchester City,61.0,62.0,59.0,64.0,60.0,58.0,0,0.0,0.0,0.0,0.0,0.0,0.0
350,200629,0,0.0,0.0,0.0,0.0,0.0,0.0,0,0.0,0.0,0.0,0.0,0.0,0.0,0,0.0,0.0,0.0,0.0,0.0,0.0,Bologna,63.0,67.0,61.0,63.0,64.0,67.0,Bologna,68.0,70.0,68.0,72.0,64.0,68.0,0,0.0,0.0,0.0,0.0,0.0,0.0
351,240751,0,0.0,0.0,0.0,0.0,0.0,0.0,0,0.0,0.0,0.0,0.0,0.0,0.0,0,0.0,0.0,0.0,0.0,0.0,0.0,FC Girondins de Bordeaux,62.0,64.0,62.0,64.0,62.0,60.0,FC Girondins de Bordeaux,65.0,65.0,64.0,66.0,64.0,63.0,FC Girondins de Bordeaux,66.0,67.0,67.0,66.0,65.0,63.0
352,240752,0,0.0,0.0,0.0,0.0,0.0,0.0,0,0.0,0.0,0.0,0.0,0.0,0.0,0,0.0,0.0,0.0,0.0,0.0,0.0,FC Girondins de Bordeaux,62.0,67.0,62.0,66.0,63.0,59.0,FC Girondins de Bordeaux,64.0,67.0,63.0,66.0,63.0,59.0,0,0.0,0.0,0.0,0.0,0.0,0.0
353,209532,0,0.0,0.0,0.0,0.0,0.0,0.0,0,0.0,0.0,0.0,0.0,0.0,0.0,0,0.0,0.0,0.0,0.0,0.0,0.0,Watford,62.0,60.0,60.0,65.0,58.0,54.0,0,0.0,0.0,0.0,0.0,0.0,0.0,Watford,69.0,68.0,65.0,69.0,67.0,68.0
354,231750,0,0.0,0.0,0.0,0.0,0.0,0.0,0,0.0,0.0,0.0,0.0,0.0,0.0,0,0.0,0.0,0.0,0.0,0.0,0.0,Valencia CF,62.0,60.0,62.0,66.0,62.0,59.0,0,0.0,0.0,0.0,0.0,0.0,0.0,0,0.0,0.0,0.0,0.0,0.0,0.0
355,212488,0,0.0,0.0,0.0,0.0,0.0,0.0,0,0.0,0.0,0.0,0.0,0.0,0.0,0,0.0,0.0,0.0,0.0,0.0,0.0,SD Eibar,62.0,63.0,58.0,63.0,62.0,56.0,SD Eibar,62.0,63.0,58.0,63.0,62.0,56.0,0,0.0,0.0,0.0,0.0,0.0,0.0
356,233934,0,0.0,0.0,0.0,0.0,0.0,0.0,0,0.0,0.0,0.0,0.0,0.0,0.0,0,0.0,0.0,0.0,0.0,0.0,0.0,Bournemouth,61.0,62.0,58.0,68.0,59.0,53.0,Bournemouth,62.0,63.0,60.0,70.0,59.0,57.0,Bournemouth,68.0,68.0,66.0,71.0,66.0,65.0
357,239742,0,0.0,0.0,0.0,0.0,0.0,0.0,0,0.0,0.0,0.0,0.0,0.0,0.0,0,0.0,0.0,0.0,0.0,0.0,0.0,Hertha BSC,61.0,59.0,63.0,66.0,58.0,65.0,Hertha BSC,61.0,59.0,63.0,66.0,58.0,65.0,0,0.0,0.0,0.0,0.0,0.0,0.0
358,235141,0,0.0,0.0,0.0,0.0,0.0,0.0,0,0.0,0.0,0.0,0.0,0.0,0.0,0,0.0,0.0,0.0,0.0,0.0,0.0,VfL Wolfsburg,59.0,63.0,57.0,56.0,60.0,58.0,VfL Wolfsburg,59.0,63.0,57.0,56.0,60.0,58.0,VfL Wolfsburg,61.0,65.0,58.0,57.0,62.0,58.0
359,240276,0,0.0,0.0,0.0,0.0,0.0,0.0,0,0.0,0.0,0.0,0.0,0.0,0.0,0,0.0,0.0,0.0,0.0,0.0,0.0,Milan,59.0,67.0,55.0,67.0,57.0,51.0,0,0.0,0.0,0.0,0.0,0.0,0.0,0,0.0,0.0,0.0,0.0,0.0,0.0
360,194894,0,0.0,0.0,0.0,0.0,0.0,0.0,0,0.0,0.0,0.0,0.0,0.0,0.0,0,0.0,0.0,0.0,0.0,0.0,0.0,Atalanta,58.0,62.0,58.0,60.0,59.0,62.0,Atalanta,60.0,62.0,58.0,60.0,59.0,62.0,Atalanta,60.0,62.0,58.0,60.0,60.0,62.0
361,236568,0,0.0,0.0,0.0,0.0,0.0,0.0,0,0.0,0.0,0.0,0.0,0.0,0.0,0,0.0,0.0,0.0,0.0,0.0,0.0,Tottenham Hotspur,57.0,62.0,57.0,61.0,50.0,46.0,Tottenham Hotspur,57.0,62.0,57.0,61.0,50.0,46.0,0,0.0,0.0,0.0,0.0,0.0,0.0
362,238060,0,0.0,0.0,0.0,0.0,0.0,0.0,0,0.0,0.0,0.0,0.0,0.0,0.0,0,0.0,0.0,0.0,0.0,0.0,0.0,West Ham United,57.0,57.0,54.0,60.0,58.0,61.0,West Ham United,59.0,62.0,58.0,62.0,57.0,64.0,0,0.0,0.0,0.0,0.0,0.0,0.0
363,240657,0,0.0,0.0,0.0,0.0,0.0,0.0,0,0.0,0.0,0.0,0.0,0.0,0.0,0,0.0,0.0,0.0,0.0,0.0,0.0,Bologna,55.0,58.0,49.0,58.0,59.0,51.0,0,0.0,0.0,0.0,0.0,0.0,0.0,0,0.0,0.0,0.0,0.0,0.0,0.0
364,235880,0,0.0,0.0,0.0,0.0,0.0,0.0,0,0.0,0.0,0.0,0.0,0.0,0.0,0,0.0,0.0,0.0,0.0,0.0,0.0,Sassuolo,54.0,55.0,51.0,55.0,58.0,56.0,0,0.0,0.0,0.0,0.0,0.0,0.0,0,0.0,0.0,0.0,0.0,0.0,0.0
365,241015,0,0.0,0.0,0.0,0.0,0.0,0.0,0,0.0,0.0,0.0,0.0,0.0,0.0,0,0.0,0.0,0.0,0.0,0.0,0.0,Udinese,53.0,57.0,49.0,51.0,56.0,56.0,0,0.0,0.0,0.0,0.0,0.0,0.0,0,0.0,0.0,0.0,0.0,0.0,0.0
366,236239,0,0.0,0.0,0.0,0.0,0.0,0.0,0,0.0,0.0,0.0,0.0,0.0,0.0,0,0.0,0.0,0.0,0.0,0.0,0.0,Tottenham Hotspur,52.0,56.0,51.0,54.0,51.0,46.0,0,0.0,0.0,0.0,0.0,0.0,0.0,Tottenham Hotspur,63.0,66.0,62.0,66.0,61.0,59.0
367,240785,0,0.0,0.0,0.0,0.0,0.0,0.0,0,0.0,0.0,0.0,0.0,0.0,0.0,0,0.0,0.0,0.0,0.0,0.0,0.0,Fiorentina,48.0,46.0,44.0,47.0,48.0,57.0,0,0.0,0.0,0.0,0.0,0.0,0.0,Fiorentina,60.0,60.0,63.0,60.0,60.0,60.0
368,190941,0,0.0,0.0,0.0,0.0,0.0,0.0,0,0.0,0.0,0.0,0.0,0.0,0.0,0,0.0,0.0,0.0,0.0,0.0,0.0,0,0.0,0.0,0.0,0.0,0.0,0.0,Bayer 04 Leverkusen,84.0,85.0,82.0,88.0,79.0,68.0,Bayer 04 Leverkusen,83.0,85.0,82.0,86.0,79.0,69.0
369,189690,0,0.0,0.0,0.0,0.0,0.0,0.0,0,0.0,0.0,0.0,0.0,0.0,0.0,0,0.0,0.0,0.0,0.0,0.0,0.0,0,0.0,0.0,0.0,0.0,0.0,0.0,Crystal Palace,81.0,82.0,79.0,82.0,81.0,80.0,Crystal Palace,79.0,80.0,76.0,80.0,80.0,77.0
370,164835,0,0.0,0.0,0.0,0.0,0.0,0.0,0,0.0,0.0,0.0,0.0,0.0,0.0,0,0.0,0.0,0.0,0.0,0.0,0.0,0,0.0,0.0,0.0,0.0,0.0,0.0,West Ham United,80.0,78.0,79.0,84.0,83.0,70.0,West Ham United,82.0,80.0,82.0,84.0,83.0,70.0
371,204120,0,0.0,0.0,0.0,0.0,0.0,0.0,0,0.0,0.0,0.0,0.0,0.0,0.0,0,0.0,0.0,0.0,0.0,0.0,0.0,0,0.0,0.0,0.0,0.0,0.0,0.0,Sevilla FC,78.0,80.0,79.0,82.0,72.0,74.0,Sevilla FC,81.0,82.0,82.0,85.0,72.0,74.0
372,231691,0,0.0,0.0,0.0,0.0,0.0,0.0,0,0.0,0.0,0.0,0.0,0.0,0.0,0,0.0,0.0,0.0,0.0,0.0,0.0,0,0.0,0.0,0.0,0.0,0.0,0.0,Fiorentina,77.0,78.0,76.0,79.0,77.0,71.0,FC Nantes,79.0,80.0,76.0,83.0,77.0,71.0
373,227127,0,0.0,0.0,0.0,0.0,0.0,0.0,0,0.0,0.0,0.0,0.0,0.0,0.0,0,0.0,0.0,0.0,0.0,0.0,0.0,0,0.0,0.0,0.0,0.0,0.0,0.0,Athletic Club de Bilbao,77.0,82.0,74.0,77.0,72.0,78.0,Real Sociedad,76.0,78.0,74.0,77.0,72.0,78.0
374,163155,0,0.0,0.0,0.0,0.0,0.0,0.0,0,0.0,0.0,0.0,0.0,0.0,0.0,0,0.0,0.0,0.0,0.0,0.0,0.0,0,0.0,0.0,0.0,0.0,0.0,0.0,Watford,77.0,76.0,76.0,80.0,78.0,73.0,Watford,80.0,79.0,78.0,81.0,79.0,73.0
375,47201,0,0.0,0.0,0.0,0.0,0.0,0.0,0,0.0,0.0,0.0,0.0,0.0,0.0,0,0.0,0.0,0.0,0.0,0.0,0.0,0,0.0,0.0,0.0,0.0,0.0,0.0,Lazio,76.0,75.0,78.0,77.0,73.0,73.0,Lazio,76.0,75.0,78.0,77.0,73.0,73.0
376,207557,0,0.0,0.0,0.0,0.0,0.0,0.0,0,0.0,0.0,0.0,0.0,0.0,0.0,0,0.0,0.0,0.0,0.0,0.0,0.0,0,0.0,0.0,0.0,0.0,0.0,0.0,Roma,75.0,74.0,75.0,75.0,74.0,71.0,Roma,78.0,78.0,78.0,78.0,77.0,76.0
377,214979,0,0.0,0.0,0.0,0.0,0.0,0.0,0,0.0,0.0,0.0,0.0,0.0,0.0,0,0.0,0.0,0.0,0.0,0.0,0.0,0,0.0,0.0,0.0,0.0,0.0,0.0,Udinese,74.0,74.0,75.0,77.0,72.0,70.0,Udinese,78.0,80.0,79.0,81.0,77.0,74.0
378,53739,0,0.0,0.0,0.0,0.0,0.0,0.0,0,0.0,0.0,0.0,0.0,0.0,0.0,0,0.0,0.0,0.0,0.0,0.0,0.0,0,0.0,0.0,0.0,0.0,0.0,0.0,Manchester United,74.0,74.0,74.0,76.0,72.0,74.0,Manchester United,72.0,73.0,71.0,72.0,70.0,73.0
379,193336,0,0.0,0.0,0.0,0.0,0.0,0.0,0,0.0,0.0,0.0,0.0,0.0,0.0,0,0.0,0.0,0.0,0.0,0.0,0.0,0,0.0,0.0,0.0,0.0,0.0,0.0,Sampdoria,72.0,73.0,71.0,74.0,72.0,60.0,0,0.0,0.0,0.0,0.0,0.0,0.0
380,101880,0,0.0,0.0,0.0,0.0,0.0,0.0,0,0.0,0.0,0.0,0.0,0.0,0.0,0,0.0,0.0,0.0,0.0,0.0,0.0,0,0.0,0.0,0.0,0.0,0.0,0.0,Chelsea,72.0,73.0,72.0,74.0,70.0,60.0,0,0.0,0.0,0.0,0.0,0.0,0.0
381,201138,0,0.0,0.0,0.0,0.0,0.0,0.0,0,0.0,0.0,0.0,0.0,0.0,0.0,0,0.0,0.0,0.0,0.0,0.0,0.0,0,0.0,0.0,0.0,0.0,0.0,0.0,Angers SCO,69.0,70.0,67.0,73.0,65.0,71.0,0,0.0,0.0,0.0,0.0,0.0,0.0
382,182743,0,0.0,0.0,0.0,0.0,0.0,0.0,0,0.0,0.0,0.0,0.0,0.0,0.0,0,0.0,0.0,0.0,0.0,0.0,0.0,0,0.0,0.0,0.0,0.0,0.0,0.0,Bayer 04 Leverkusen,69.0,72.0,62.0,71.0,67.0,68.0,0,0.0,0.0,0.0,0.0,0.0,0.0
383,205496,0,0.0,0.0,0.0,0.0,0.0,0.0,0,0.0,0.0,0.0,0.0,0.0,0.0,0,0.0,0.0,0.0,0.0,0.0,0.0,0,0.0,0.0,0.0,0.0,0.0,0.0,Udinese,69.0,71.0,67.0,71.0,69.0,64.0,Udinese,69.0,71.0,67.0,71.0,69.0,64.0
384,234790,0,0.0,0.0,0.0,0.0,0.0,0.0,0,0.0,0.0,0.0,0.0,0.0,0.0,0,0.0,0.0,0.0,0.0,0.0,0.0,0,0.0,0.0,0.0,0.0,0.0,0.0,Sevilla FC,68.0,71.0,62.0,71.0,66.0,63.0,0,0.0,0.0,0.0,0.0,0.0,0.0
385,233763,0,0.0,0.0,0.0,0.0,0.0,0.0,0,0.0,0.0,0.0,0.0,0.0,0.0,0,0.0,0.0,0.0,0.0,0.0,0.0,0,0.0,0.0,0.0,0.0,0.0,0.0,Watford,67.0,67.0,66.0,68.0,65.0,66.0,Watford,68.0,68.0,66.0,69.0,65.0,66.0
386,241179,0,0.0,0.0,0.0,0.0,0.0,0.0,0,0.0,0.0,0.0,0.0,0.0,0.0,0,0.0,0.0,0.0,0.0,0.0,0.0,0,0.0,0.0,0.0,0.0,0.0,0.0,Valencia CF,67.0,71.0,62.0,73.0,60.0,62.0,Valencia CF,67.0,71.0,62.0,73.0,60.0,62.0
387,243304,0,0.0,0.0,0.0,0.0,0.0,0.0,0,0.0,0.0,0.0,0.0,0.0,0.0,0,0.0,0.0,0.0,0.0,0.0,0.0,0,0.0,0.0,0.0,0.0,0.0,0.0,Real Sociedad,67.0,65.0,63.0,68.0,66.0,67.0,Real Sociedad,67.0,65.0,63.0,68.0,66.0,67.0
388,219715,0,0.0,0.0,0.0,0.0,0.0,0.0,0,0.0,0.0,0.0,0.0,0.0,0.0,0,0.0,0.0,0.0,0.0,0.0,0.0,0,0.0,0.0,0.0,0.0,0.0,0.0,Inter,67.0,68.0,63.0,70.0,64.0,59.0,0,0.0,0.0,0.0,0.0,0.0,0.0
389,236378,0,0.0,0.0,0.0,0.0,0.0,0.0,0,0.0,0.0,0.0,0.0,0.0,0.0,0,0.0,0.0,0.0,0.0,0.0,0.0,0,0.0,0.0,0.0,0.0,0.0,0.0,Milan,66.0,68.0,62.0,72.0,68.0,59.0,0,0.0,0.0,0.0,0.0,0.0,0.0
390,244340,0,0.0,0.0,0.0,0.0,0.0,0.0,0,0.0,0.0,0.0,0.0,0.0,0.0,0,0.0,0.0,0.0,0.0,0.0,0.0,0,0.0,0.0,0.0,0.0,0.0,0.0,Genoa,66.0,68.0,63.0,69.0,62.0,61.0,Genoa,66.0,68.0,63.0,69.0,62.0,61.0
391,244363,0,0.0,0.0,0.0,0.0,0.0,0.0,0,0.0,0.0,0.0,0.0,0.0,0.0,0,0.0,0.0,0.0,0.0,0.0,0.0,0,0.0,0.0,0.0,0.0,0.0,0.0,Roma,66.0,63.0,70.0,65.0,65.0,60.0,Roma,66.0,63.0,70.0,65.0,65.0,60.0
392,199909,0,0.0,0.0,0.0,0.0,0.0,0.0,0,0.0,0.0,0.0,0.0,0.0,0.0,0,0.0,0.0,0.0,0.0,0.0,0.0,0,0.0,0.0,0.0,0.0,0.0,0.0,VfL Wolfsburg,66.0,66.0,67.0,66.0,68.0,65.0,VfL Wolfsburg,71.0,68.0,70.0,75.0,73.0,69.0
393,232107,0,0.0,0.0,0.0,0.0,0.0,0.0,0,0.0,0.0,0.0,0.0,0.0,0.0,0,0.0,0.0,0.0,0.0,0.0,0.0,0,0.0,0.0,0.0,0.0,0.0,0.0,Borussia Dortmund,64.0,67.0,58.0,68.0,60.0,57.0,Borussia Dortmund,65.0,67.0,61.0,69.0,60.0,54.0
394,225395,0,0.0,0.0,0.0,0.0,0.0,0.0,0,0.0,0.0,0.0,0.0,0.0,0.0,0,0.0,0.0,0.0,0.0,0.0,0.0,0,0.0,0.0,0.0,0.0,0.0,0.0,FC Barcelona,63.0,65.0,59.0,64.0,58.0,59.0,Athletic Club de Bilbao,63.0,65.0,59.0,64.0,58.0,59.0
395,235999,0,0.0,0.0,0.0,0.0,0.0,0.0,0,0.0,0.0,0.0,0.0,0.0,0.0,0,0.0,0.0,0.0,0.0,0.0,0.0,0,0.0,0.0,0.0,0.0,0.0,0.0,Sevilla FC,63.0,66.0,64.0,63.0,62.0,59.0,Sevilla FC,63.0,66.0,64.0,63.0,62.0,59.0
396,222864,0,0.0,0.0,0.0,0.0,0.0,0.0,0,0.0,0.0,0.0,0.0,0.0,0.0,0,0.0,0.0,0.0,0.0,0.0,0.0,0,0.0,0.0,0.0,0.0,0.0,0.0,Southampton,63.0,66.0,55.0,68.0,62.0,53.0,0,0.0,0.0,0.0,0.0,0.0,0.0
397,242242,0,0.0,0.0,0.0,0.0,0.0,0.0,0,0.0,0.0,0.0,0.0,0.0,0.0,0,0.0,0.0,0.0,0.0,0.0,0.0,0,0.0,0.0,0.0,0.0,0.0,0.0,Paris Saint-Germain,62.0,62.0,60.0,63.0,63.0,60.0,0,0.0,0.0,0.0,0.0,0.0,0.0
398,245564,0,0.0,0.0,0.0,0.0,0.0,0.0,0,0.0,0.0,0.0,0.0,0.0,0.0,0,0.0,0.0,0.0,0.0,0.0,0.0,0,0.0,0.0,0.0,0.0,0.0,0.0,Bologna,62.0,68.0,54.0,72.0,58.0,54.0,Bologna,62.0,68.0,54.0,72.0,58.0,54.0
399,243308,0,0.0,0.0,0.0,0.0,0.0,0.0,0,0.0,0.0,0.0,0.0,0.0,0.0,0,0.0,0.0,0.0,0.0,0.0,0.0,0,0.0,0.0,0.0,0.0,0.0,0.0,Atlético Madrid,61.0,64.0,59.0,60.0,62.0,65.0,Atlético Madrid,61.0,64.0,59.0,60.0,62.0,65.0
400,241210,0,0.0,0.0,0.0,0.0,0.0,0.0,0,0.0,0.0,0.0,0.0,0.0,0.0,0,0.0,0.0,0.0,0.0,0.0,0.0,0,0.0,0.0,0.0,0.0,0.0,0.0,OGC Nice,61.0,60.0,60.0,67.0,59.0,58.0,OGC Nice,67.0,67.0,64.0,70.0,66.0,66.0
401,240123,0,0.0,0.0,0.0,0.0,0.0,0.0,0,0.0,0.0,0.0,0.0,0.0,0.0,0,0.0,0.0,0.0,0.0,0.0,0.0,0,0.0,0.0,0.0,0.0,0.0,0.0,SV Werder Bremen,60.0,60.0,54.0,66.0,57.0,55.0,SV Werder Bremen,63.0,64.0,56.0,67.0,60.0,61.0
402,243397,0,0.0,0.0,0.0,0.0,0.0,0.0,0,0.0,0.0,0.0,0.0,0.0,0.0,0,0.0,0.0,0.0,0.0,0.0,0.0,0,0.0,0.0,0.0,0.0,0.0,0.0,Real Betis,60.0,60.0,55.0,57.0,63.0,62.0,Real Betis,60.0,59.0,57.0,58.0,62.0,65.0
403,242802,0,0.0,0.0,0.0,0.0,0.0,0.0,0,0.0,0.0,0.0,0.0,0.0,0.0,0,0.0,0.0,0.0,0.0,0.0,0.0,0,0.0,0.0,0.0,0.0,0.0,0.0,Atlético Madrid,60.0,60.0,56.0,57.0,61.0,62.0,0,0.0,0.0,0.0,0.0,0.0,0.0
404,241183,0,0.0,0.0,0.0,0.0,0.0,0.0,0,0.0,0.0,0.0,0.0,0.0,0.0,0,0.0,0.0,0.0,0.0,0.0,0.0,0,0.0,0.0,0.0,0.0,0.0,0.0,Real Betis,60.0,67.0,57.0,59.0,65.0,55.0,0,0.0,0.0,0.0,0.0,0.0,0.0
405,237704,0,0.0,0.0,0.0,0.0,0.0,0.0,0,0.0,0.0,0.0,0.0,0.0,0.0,0,0.0,0.0,0.0,0.0,0.0,0.0,0,0.0,0.0,0.0,0.0,0.0,0.0,Everton,59.0,62.0,58.0,64.0,57.0,57.0,0,0.0,0.0,0.0,0.0,0.0,0.0
406,243573,0,0.0,0.0,0.0,0.0,0.0,0.0,0,0.0,0.0,0.0,0.0,0.0,0.0,0,0.0,0.0,0.0,0.0,0.0,0.0,0,0.0,0.0,0.0,0.0,0.0,0.0,Olympique Lyonnais,59.0,60.0,57.0,63.0,54.0,56.0,Olympique Lyonnais,62.0,63.0,60.0,66.0,59.0,59.0
407,244367,0,0.0,0.0,0.0,0.0,0.0,0.0,0,0.0,0.0,0.0,0.0,0.0,0.0,0,0.0,0.0,0.0,0.0,0.0,0.0,0,0.0,0.0,0.0,0.0,0.0,0.0,Bayer 04 Leverkusen,59.0,63.0,58.0,64.0,51.0,57.0,0,0.0,0.0,0.0,0.0,0.0,0.0
408,242818,0,0.0,0.0,0.0,0.0,0.0,0.0,0,0.0,0.0,0.0,0.0,0.0,0.0,0,0.0,0.0,0.0,0.0,0.0,0.0,0,0.0,0.0,0.0,0.0,0.0,0.0,1. FSV Mainz 05,59.0,61.0,59.0,62.0,58.0,51.0,1. FSV Mainz 05,63.0,65.0,60.0,65.0,60.0,59.0
409,231187,0,0.0,0.0,0.0,0.0,0.0,0.0,0,0.0,0.0,0.0,0.0,0.0,0.0,0,0.0,0.0,0.0,0.0,0.0,0.0,0,0.0,0.0,0.0,0.0,0.0,0.0,Athletic Club de Bilbao,59.0,63.0,58.0,59.0,57.0,60.0,Athletic Club de Bilbao,61.0,63.0,61.0,61.0,58.0,60.0
410,240913,0,0.0,0.0,0.0,0.0,0.0,0.0,0,0.0,0.0,0.0,0.0,0.0,0.0,0,0.0,0.0,0.0,0.0,0.0,0.0,0,0.0,0.0,0.0,0.0,0.0,0.0,Liverpool,58.0,58.0,55.0,60.0,54.0,52.0,Liverpool,59.0,60.0,57.0,62.0,56.0,53.0
411,237133,0,0.0,0.0,0.0,0.0,0.0,0.0,0,0.0,0.0,0.0,0.0,0.0,0.0,0,0.0,0.0,0.0,0.0,0.0,0.0,0,0.0,0.0,0.0,0.0,0.0,0.0,Olympique de Marseille,57.0,58.0,58.0,53.0,64.0,52.0,0,0.0,0.0,0.0,0.0,0.0,0.0
412,238186,0,0.0,0.0,0.0,0.0,0.0,0.0,0,0.0,0.0,0.0,0.0,0.0,0.0,0,0.0,0.0,0.0,0.0,0.0,0.0,0,0.0,0.0,0.0,0.0,0.0,0.0,Chelsea,56.0,57.0,52.0,59.0,54.0,56.0,Paris Saint-Germain,60.0,61.0,55.0,64.0,57.0,58.0
413,241859,0,0.0,0.0,0.0,0.0,0.0,0.0,0,0.0,0.0,0.0,0.0,0.0,0.0,0,0.0,0.0,0.0,0.0,0.0,0.0,0,0.0,0.0,0.0,0.0,0.0,0.0,FC Bayern München,56.0,57.0,61.0,58.0,49.0,64.0,FC Bayern München,63.0,61.0,64.0,64.0,62.0,66.0
414,245854,0,0.0,0.0,0.0,0.0,0.0,0.0,0,0.0,0.0,0.0,0.0,0.0,0.0,0,0.0,0.0,0.0,0.0,0.0,0.0,0,0.0,0.0,0.0,0.0,0.0,0.0,AS Saint-Étienne,56.0,62.0,54.0,62.0,51.0,61.0,AS Saint-Étienne,56.0,62.0,54.0,62.0,51.0,61.0
415,224947,0,0.0,0.0,0.0,0.0,0.0,0.0,0,0.0,0.0,0.0,0.0,0.0,0.0,0,0.0,0.0,0.0,0.0,0.0,0.0,0,0.0,0.0,0.0,0.0,0.0,0.0,Manchester City,54.0,54.0,50.0,57.0,53.0,56.0,Manchester City,55.0,56.0,51.0,57.0,54.0,56.0
416,234642,0,0.0,0.0,0.0,0.0,0.0,0.0,0,0.0,0.0,0.0,0.0,0.0,0.0,0,0.0,0.0,0.0,0.0,0.0,0.0,0,0.0,0.0,0.0,0.0,0.0,0.0,0,0.0,0.0,0.0,0.0,0.0,0.0,Stade Rennais FC,77.0,77.0,76.0,78.0,73.0,70.0
417,150477,0,0.0,0.0,0.0,0.0,0.0,0.0,0,0.0,0.0,0.0,0.0,0.0,0.0,0,0.0,0.0,0.0,0.0,0.0,0.0,0,0.0,0.0,0.0,0.0,0.0,0.0,0,0.0,0.0,0.0,0.0,0.0,0.0,Stade Rennais FC,74.0,78.0,74.0,78.0,64.0,68.0
418,226085,0,0.0,0.0,0.0,0.0,0.0,0.0,0,0.0,0.0,0.0,0.0,0.0,0.0,0,0.0,0.0,0.0,0.0,0.0,0.0,0,0.0,0.0,0.0,0.0,0.0,0.0,0,0.0,0.0,0.0,0.0,0.0,0.0,LOSC Lille,72.0,75.0,66.0,73.0,72.0,67.0
419,238013,0,0.0,0.0,0.0,0.0,0.0,0.0,0,0.0,0.0,0.0,0.0,0.0,0.0,0,0.0,0.0,0.0,0.0,0.0,0.0,0,0.0,0.0,0.0,0.0,0.0,0.0,0,0.0,0.0,0.0,0.0,0.0,0.0,Genoa,72.0,72.0,70.0,76.0,71.0,69.0
420,157804,0,0.0,0.0,0.0,0.0,0.0,0.0,0,0.0,0.0,0.0,0.0,0.0,0.0,0,0.0,0.0,0.0,0.0,0.0,0.0,0,0.0,0.0,0.0,0.0,0.0,0.0,0,0.0,0.0,0.0,0.0,0.0,0.0,Manchester City,72.0,71.0,72.0,70.0,70.0,69.0
421,205812,0,0.0,0.0,0.0,0.0,0.0,0.0,0,0.0,0.0,0.0,0.0,0.0,0.0,0,0.0,0.0,0.0,0.0,0.0,0.0,0,0.0,0.0,0.0,0.0,0.0,0.0,0,0.0,0.0,0.0,0.0,0.0,0.0,Fiorentina,71.0,72.0,69.0,75.0,67.0,64.0
422,156437,0,0.0,0.0,0.0,0.0,0.0,0.0,0,0.0,0.0,0.0,0.0,0.0,0.0,0,0.0,0.0,0.0,0.0,0.0,0.0,0,0.0,0.0,0.0,0.0,0.0,0.0,0,0.0,0.0,0.0,0.0,0.0,0.0,TSG 1899 Hoffenheim,71.0,72.0,70.0,72.0,67.0,66.0
423,234383,0,0.0,0.0,0.0,0.0,0.0,0.0,0,0.0,0.0,0.0,0.0,0.0,0.0,0,0.0,0.0,0.0,0.0,0.0,0.0,0,0.0,0.0,0.0,0.0,0.0,0.0,0,0.0,0.0,0.0,0.0,0.0,0.0,FC Schalke 04,70.0,73.0,65.0,74.0,67.0,59.0
424,241119,0,0.0,0.0,0.0,0.0,0.0,0.0,0,0.0,0.0,0.0,0.0,0.0,0.0,0,0.0,0.0,0.0,0.0,0.0,0.0,0,0.0,0.0,0.0,0.0,0.0,0.0,0,0.0,0.0,0.0,0.0,0.0,0.0,Real Betis,69.0,69.0,66.0,72.0,67.0,66.0
425,116314,0,0.0,0.0,0.0,0.0,0.0,0.0,0,0.0,0.0,0.0,0.0,0.0,0.0,0,0.0,0.0,0.0,0.0,0.0,0.0,0,0.0,0.0,0.0,0.0,0.0,0.0,0,0.0,0.0,0.0,0.0,0.0,0.0,West Ham United,66.0,66.0,66.0,65.0,62.0,66.0
426,155886,0,0.0,0.0,0.0,0.0,0.0,0.0,0,0.0,0.0,0.0,0.0,0.0,0.0,0,0.0,0.0,0.0,0.0,0.0,0.0,0,0.0,0.0,0.0,0.0,0.0,0.0,0,0.0,0.0,0.0,0.0,0.0,0.0,Crystal Palace,66.0,66.0,64.0,62.0,63.0,70.0
427,235689,0,0.0,0.0,0.0,0.0,0.0,0.0,0,0.0,0.0,0.0,0.0,0.0,0.0,0,0.0,0.0,0.0,0.0,0.0,0.0,0,0.0,0.0,0.0,0.0,0.0,0.0,0,0.0,0.0,0.0,0.0,0.0,0.0,Torino,65.0,65.0,65.0,70.0,62.0,48.0
428,118794,0,0.0,0.0,0.0,0.0,0.0,0.0,0,0.0,0.0,0.0,0.0,0.0,0.0,0,0.0,0.0,0.0,0.0,0.0,0.0,0,0.0,0.0,0.0,0.0,0.0,0.0,0,0.0,0.0,0.0,0.0,0.0,0.0,Liverpool,65.0,65.0,65.0,67.0,62.0,52.0
429,246139,0,0.0,0.0,0.0,0.0,0.0,0.0,0,0.0,0.0,0.0,0.0,0.0,0.0,0,0.0,0.0,0.0,0.0,0.0,0.0,0,0.0,0.0,0.0,0.0,0.0,0.0,0,0.0,0.0,0.0,0.0,0.0,0.0,FC Barcelona,64.0,65.0,61.0,65.0,60.0,65.0
430,232284,0,0.0,0.0,0.0,0.0,0.0,0.0,0,0.0,0.0,0.0,0.0,0.0,0.0,0,0.0,0.0,0.0,0.0,0.0,0.0,0,0.0,0.0,0.0,0.0,0.0,0.0,0,0.0,0.0,0.0,0.0,0.0,0.0,Bournemouth,64.0,65.0,63.0,64.0,64.0,62.0
431,210676,0,0.0,0.0,0.0,0.0,0.0,0.0,0,0.0,0.0,0.0,0.0,0.0,0.0,0,0.0,0.0,0.0,0.0,0.0,0.0,0,0.0,0.0,0.0,0.0,0.0,0.0,0,0.0,0.0,0.0,0.0,0.0,0.0,Sampdoria,64.0,65.0,64.0,68.0,64.0,65.0
432,240212,0,0.0,0.0,0.0,0.0,0.0,0.0,0,0.0,0.0,0.0,0.0,0.0,0.0,0,0.0,0.0,0.0,0.0,0.0,0.0,0,0.0,0.0,0.0,0.0,0.0,0.0,0,0.0,0.0,0.0,0.0,0.0,0.0,Angers SCO,64.0,65.0,65.0,66.0,62.0,62.0
433,243587,0,0.0,0.0,0.0,0.0,0.0,0.0,0,0.0,0.0,0.0,0.0,0.0,0.0,0,0.0,0.0,0.0,0.0,0.0,0.0,0,0.0,0.0,0.0,0.0,0.0,0.0,0,0.0,0.0,0.0,0.0,0.0,0.0,RC Celta,63.0,65.0,59.0,63.0,60.0,62.0
434,247411,0,0.0,0.0,0.0,0.0,0.0,0.0,0,0.0,0.0,0.0,0.0,0.0,0.0,0,0.0,0.0,0.0,0.0,0.0,0.0,0,0.0,0.0,0.0,0.0,0.0,0.0,0,0.0,0.0,0.0,0.0,0.0,0.0,Real Madrid,62.0,62.0,59.0,63.0,58.0,63.0
435,241388,0,0.0,0.0,0.0,0.0,0.0,0.0,0,0.0,0.0,0.0,0.0,0.0,0.0,0,0.0,0.0,0.0,0.0,0.0,0.0,0,0.0,0.0,0.0,0.0,0.0,0.0,0,0.0,0.0,0.0,0.0,0.0,0.0,Hertha BSC,62.0,66.0,64.0,63.0,63.0,66.0
436,222096,0,0.0,0.0,0.0,0.0,0.0,0.0,0,0.0,0.0,0.0,0.0,0.0,0.0,0,0.0,0.0,0.0,0.0,0.0,0.0,0,0.0,0.0,0.0,0.0,0.0,0.0,0,0.0,0.0,0.0,0.0,0.0,0.0,Southampton,62.0,64.0,60.0,64.0,59.0,56.0
437,246603,0,0.0,0.0,0.0,0.0,0.0,0.0,0,0.0,0.0,0.0,0.0,0.0,0.0,0,0.0,0.0,0.0,0.0,0.0,0.0,0,0.0,0.0,0.0,0.0,0.0,0.0,0,0.0,0.0,0.0,0.0,0.0,0.0,Montpellier HSC,61.0,62.0,59.0,63.0,61.0,59.0
438,243710,0,0.0,0.0,0.0,0.0,0.0,0.0,0,0.0,0.0,0.0,0.0,0.0,0.0,0,0.0,0.0,0.0,0.0,0.0,0.0,0,0.0,0.0,0.0,0.0,0.0,0.0,0,0.0,0.0,0.0,0.0,0.0,0.0,Paris Saint-Germain,60.0,60.0,60.0,62.0,58.0,60.0
439,245865,0,0.0,0.0,0.0,0.0,0.0,0.0,0,0.0,0.0,0.0,0.0,0.0,0.0,0,0.0,0.0,0.0,0.0,0.0,0.0,0,0.0,0.0,0.0,0.0,0.0,0.0,0,0.0,0.0,0.0,0.0,0.0,0.0,AS Saint-Étienne,60.0,59.0,57.0,61.0,63.0,59.0
440,243585,0,0.0,0.0,0.0,0.0,0.0,0.0,0,0.0,0.0,0.0,0.0,0.0,0.0,0,0.0,0.0,0.0,0.0,0.0,0.0,0,0.0,0.0,0.0,0.0,0.0,0.0,0,0.0,0.0,0.0,0.0,0.0,0.0,Manchester City,59.0,60.0,59.0,60.0,59.0,56.0
441,247479,0,0.0,0.0,0.0,0.0,0.0,0.0,0,0.0,0.0,0.0,0.0,0.0,0.0,0,0.0,0.0,0.0,0.0,0.0,0.0,0,0.0,0.0,0.0,0.0,0.0,0.0,0,0.0,0.0,0.0,0.0,0.0,0.0,Borussia Dortmund,59.0,49.0,62.0,64.0,58.0,59.0
442,251752,0,0.0,0.0,0.0,0.0,0.0,0.0,0,0.0,0.0,0.0,0.0,0.0,0.0,0,0.0,0.0,0.0,0.0,0.0,0.0,0,0.0,0.0,0.0,0.0,0.0,0.0,0,0.0,0.0,0.0,0.0,0.0,0.0,LOSC Lille,58.0,58.0,56.0,59.0,56.0,57.0
443,242073,0,0.0,0.0,0.0,0.0,0.0,0.0,0,0.0,0.0,0.0,0.0,0.0,0.0,0,0.0,0.0,0.0,0.0,0.0,0.0,0,0.0,0.0,0.0,0.0,0.0,0.0,0,0.0,0.0,0.0,0.0,0.0,0.0,Valencia CF,58.0,62.0,62.0,57.0,58.0,61.0
444,252905,0,0.0,0.0,0.0,0.0,0.0,0.0,0,0.0,0.0,0.0,0.0,0.0,0.0,0,0.0,0.0,0.0,0.0,0.0,0.0,0,0.0,0.0,0.0,0.0,0.0,0.0,0,0.0,0.0,0.0,0.0,0.0,0.0,VfL Wolfsburg,58.0,63.0,46.0,65.0,57.0,59.0
445,233211,0,0.0,0.0,0.0,0.0,0.0,0.0,0,0.0,0.0,0.0,0.0,0.0,0.0,0,0.0,0.0,0.0,0.0,0.0,0.0,0,0.0,0.0,0.0,0.0,0.0,0.0,0,0.0,0.0,0.0,0.0,0.0,0.0,VfL Wolfsburg,57.0,55.0,55.0,59.0,57.0,61.0
446,221958,0,0.0,0.0,0.0,0.0,0.0,0.0,0,0.0,0.0,0.0,0.0,0.0,0.0,0,0.0,0.0,0.0,0.0,0.0,0.0,0,0.0,0.0,0.0,0.0,0.0,0.0,0,0.0,0.0,0.0,0.0,0.0,0.0,Genoa,57.0,58.0,51.0,59.0,56.0,54.0
447,251340,0,0.0,0.0,0.0,0.0,0.0,0.0,0,0.0,0.0,0.0,0.0,0.0,0.0,0,0.0,0.0,0.0,0.0,0.0,0.0,0,0.0,0.0,0.0,0.0,0.0,0.0,0,0.0,0.0,0.0,0.0,0.0,0.0,Olympique de Marseille,55.0,55.0,56.0,52.0,58.0,56.0
448,238070,0,0.0,0.0,0.0,0.0,0.0,0.0,0,0.0,0.0,0.0,0.0,0.0,0.0,0,0.0,0.0,0.0,0.0,0.0,0.0,0,0.0,0.0,0.0,0.0,0.0,0.0,0,0.0,0.0,0.0,0.0,0.0,0.0,Chelsea,54.0,56.0,49.0,53.0,54.0,56.0
449,252241,0,0.0,0.0,0.0,0.0,0.0,0.0,0,0.0,0.0,0.0,0.0,0.0,0.0,0,0.0,0.0,0.0,0.0,0.0,0.0,0,0.0,0.0,0.0,0.0,0.0,0.0,0,0.0,0.0,0.0,0.0,0.0,0.0,FC Girondins de Bordeaux,53.0,55.0,49.0,53.0,53.0,51.0
